1;2015-01;2015-01-01;001;001-00;BOLSA SEGURIDAD;BOLSA;0;0;0;0;208;0;0;1;EDIER;
2;2015-01;2015-01-01;003;003-00;BOLSA SEGURIDAD;BOLSA;0;0;0;0;125;0;0;1;EDIER;
3;2015-01;2015-01-01;003;003-01;BOLSA SEGURIDAD;BOLSA;0;0;0;0;126;0;0;1;EDIER;
4;2015-01;2015-01-01;003;003-02;BOLSA SEGURIDAD;BOLSA;31.100;0;3.950;27.150;127;3.440.143;0;1;EDIER;
5;2015-01;2015-01-01;004;004-00;BOLSA SEGURIDAD;BOLSA;0;0;0;0;277;0;0;1;EDIER;
6;2015-01;2015-01-01;004;004-01;BOLSA SEGURIDAD;BOLSA;20.900;0;100;20.800;282;5.874.117;0;1;EDIER;
7;2015-01;2015-01-01;005;005-01;BOLSA SEGURIDAD;BOLSA;0;0;0;0;342;0;0;1;EDIER;
8;2015-01;2015-01-01;008;008-00;BOLSA SEGURIDAD;BOLSA;17.500;0;2.950;14.550;149;2.166.546;0;1;EDIER;
9;2015-01;2015-01-01;010;010-00;BOLSA SEGURIDAD;BOLSA;0;0;0;0;60;0;0;1;EDIER;
10;2015-01;2015-01-01;011;011-00;BOLSA SEGURIDAD;BOLSA;0;0;0;0;171;0;0;1;EDIER;
11;2015-01;2015-01-01;012;012-00;BOLSA SEGURIDAD;BOLSA;0;0;0;0;365;0;0;1;EDIER;
12;2015-01;2015-01-01;013;013-01;BOLSA SEGURIDAD;BOLSA;0;0;0;0;245;0;0;1;EDIER;
13;2015-01;2015-01-01;015;015-00;BOLSA SEGURIDAD;BOLSA;0;0;0;0;71;0;0;1;EDIER;
14;2015-01;2015-01-01;016;016-01;BOLSA SEGURIDAD;BOLSA;0;0;0;0;46;0;0;1;EDIER;
15;2015-01;2015-01-01;017;017-00;BOLSA SEGURIDAD;BOLSA;0;0;0;0;97;0;0;1;EDIER;
16;2015-01;2015-01-01;017;017-02;BOLSA SEGURIDAD;BOLSA;0;0;0;0;98;0;0;1;EDIER;
17;2015-01;2015-01-01;017;017-03;BOLSA SEGURIDAD;BOLSA;24.400;0;24.400;0;98;0;0;1;EDIER;
18;2015-01;2015-01-01;018;018-00;BOLSA SEGURIDAD;BOLSA;0;0;0;0;269;0;0;1;EDIER;
19;2015-01;2015-01-01;019;019-00;BOLSA SEGURIDAD;BOLSA;0;0;0;0;122;0;0;1;EDIER;
20;2015-01;2015-01-01;020;020-01;BOLSA SEGURIDAD;BOLSA;0;0;0;0;263;0;0;1;EDIER;
21;2015-01;2015-01-01;024;024-01;BOLSA PLASTICA;BOLSA;0;0;0;0;275;0;0;1;EDIER;
22;2015-01;2015-01-01;026;026-00;BOLSA SEGURIDAD;BOLSA;0;0;0;0;286;0;0;1;EDIER;
23;2015-01;2015-01-01;028;028-01;BOLSA SEGURIDAD;BOLSA;0;0;0;0;138;0;0;1;EDIER;
24;2015-01;2015-01-01;029;029-00;BOLSA SEGURIDAD;BOLSA;0;0;0;0;136;0;0;1;EDIER;
25;2015-01;2015-01-01;029;029-02;BOLSA SEGURIDAD;BOLSA;4.539;0;2.500;2.039;138;281.562;0;1;EDIER;
26;2015-01;2015-01-01;030;030-00;BOLSA SEGURIDAD;BOLSA;0;0;0;0;118;0;0;1;EDIER;
27;2015-01;2015-01-01;030;030-02;BOLSA SEGURIDAD;BOLSA;1.150;0;0;1.150;120;138.372;0;1;EDIER;
28;2015-01;2015-01-01;031;031-00;BOLSA SEGURIDAD;BOLSA;0;0;0;0;31;0;0;1;EDIER;
29;2015-01;2015-01-01;031;031-03;BOLSA SEGURIDAD;BOLSA;9.618;0;0;9.618;32;302.987;0;1;EDIER;
30;2015-01;2015-01-01;032;032-03;BOLSA SEGURIDAD;BOLSA;0;0;0;0;98;0;0;1;EDIER;
31;2015-01;2015-01-01;033;033-00;BOLSA SEGURIDAD;BOLSA;0;0;0;0;129;0;0;1;EDIER;
32;2015-01;2015-01-01;034;034-00;BOLSA SEGURIDAD;BOLSA;0;0;0;0;155;0;0;1;EDIER;
33;2015-01;2015-01-01;034;034-03;BOLSA SEGURIDAD;BOLSA;1.700;0;0;1.700;155;263.829;0;1;EDIER;
34;2015-01;2015-01-01;035;035-00;BOLSA SEGURIDAD;BOLSA;0;0;0;0;128;0;0;1;EDIER;
35;2015-01;2015-01-01;035;035-02;BOLSA SEGURIDAD;BOLSA;0;0;0;0;128;0;0;1;EDIER;
36;2015-01;2015-01-01;035;035-04;BOLSA SEGURIDAD;BOLSA;0;0;0;0;130;0;0;1;EDIER;
37;2015-01;2015-01-01;035;035-05;BOLSA SEGURIDAD;BOLSA;0;0;0;0;130;0;0;1;EDIER;
38;2015-01;2015-01-01;036;036-00;BOLSA SEGURIDAD;BOLSA;0;0;0;0;287;0;0;1;EDIER;
39;2015-01;2015-01-01;036;036-02;BOLSA SEGURIDAD;BOLSA;0;0;0;0;287;0;0;1;EDIER;
40;2015-01;2015-01-01;036;036-04;BOLSA SEGURIDAD;BOLSA;0;0;0;0;292;0;0;1;EDIER;
41;2015-01;2015-01-01;036;036-05;BOLSA SEGURIDAD;BOLSA;0;0;0;0;292;0;0;1;EDIER;
42;2015-01;2015-01-01;037;037-00;BOLSA SEGURIDAD;BOLSA;0;0;0;0;493;0;0;1;EDIER;
43;2015-01;2015-01-01;037;037-02;BOLSA SEGURIDAD;BOLSA;0;0;0;0;493;0;0;1;EDIER;
44;2015-01;2015-01-01;037;037-04;BOLSA SEGURIDAD;BOLSA;0;0;0;0;500;0;0;1;EDIER;
45;2015-01;2015-01-01;037;037-05;BOLSA SEGURIDAD;BOLSA;0;0;0;0;500;0;0;1;EDIER;
46;2015-01;2015-01-01;038;038-01;BOLSA SEGURIDAD;BOLSA;0;0;0;0;75;0;0;1;EDIER;
47;2015-01;2015-01-01;039;039-02;BOLSA SEGURIDAD;BOLSA;0;0;0;0;48;0;0;1;EDIER;
48;2015-01;2015-01-01;039;039-03;BOLSA SEGURIDAD;BOLSA;0;0;0;0;48;0;0;1;EDIER;
49;2015-01;2015-01-01;039;039-04;BOLSA SEGURIDAD;BOLSA;0;0;0;0;48;0;0;1;EDIER;
50;2015-01;2015-01-01;040;040-00;BOLSA SEGURIDAD;BOLSA;0;0;0;0;109;0;0;1;EDIER;
51;2015-01;2015-01-01;042;042-00;BOLSA SEGURIDAD;BOLSA;0;0;0;0;153;0;0;1;EDIER;
52;2015-01;2015-01-01;043;043-00;BOLSA SEGURIDAD;BOLSA;0;0;0;0;76;0;0;1;EDIER;
53;2015-01;2015-01-01;044;044-00;BOLSA SEGURIDAD;BOLSA;0;0;0;0;34;0;0;1;EDIER;
54;2015-01;2015-01-01;044;044-01;BOLSA SEGURIDAD;BOLSA;15.100;0;0;15.100;34;520.297;0;1;EDIER;
55;2015-01;2015-01-01;045;045-00;BOLSA SEGURIDAD;BOLSA;0;0;0;0;184;0;0;1;EDIER;
56;2015-01;2015-01-01;046;046-00;BOLSA SEGURIDAD;BOLSA;0;0;0;0;208;0;0;1;EDIER;
57;2015-01;2015-01-01;046;046-01;BOLSA SEGURIDAD;BOLSA;2.866;30.334;10.000;23.200;210;4.869.675;0;1;EDIER;
58;2015-01;2015-01-01;047;047-00;BOLSA CURRIER;BOLSA;0;0;0;0;67;0;0;1;EDIER;
59;2015-01;2015-01-01;048;048-00;BOLSA SEGURIDAD;BOLSA;0;0;0;0;68;0;0;1;EDIER;
60;2015-01;2015-01-01;049;049-00;BOLSA SEGURIDAD;BOLSA;0;0;0;0;289;0;0;1;EDIER;
61;2015-01;2015-01-01;049;049-03;BOLSA SEGURIDAD;BOLSA;11.400;19.200;15.000;15.600;290;4.523.211;0;1;EDIER;
62;2015-01;2015-01-01;050;050-01;BOLSA SEGURIDAD;BOLSA;0;0;0;0;263;0;0;1;EDIER;
63;2015-01;2015-01-01;052;052-00;BOLSA SEGURIDAD;BOLSA;0;0;0;0;76;0;0;1;EDIER;
64;2015-01;2015-01-01;053;053-00;BOLSA SEGURIDAD;BOLSA;859;0;0;859;286;245.876;0;1;EDIER;
65;2015-01;2015-01-01;054;054-00;BOLSA SEGURIDAD;BOLSA;0;0;0;0;183;0;0;1;EDIER;
66;2015-01;2015-01-01;055;055-00;BOLSA SEGURIDAD;BOLSA;0;0;0;0;179;0;0;1;EDIER;
67;2015-01;2015-01-01;056;056-00;BOLSA SEGURIDAD;BOLSA;0;0;0;0;162;0;0;1;EDIER;
68;2015-01;2015-01-01;056;056-02;BOLSA SEGURIDAD;BOLSA;77.500;0;0;77.500;162;12.541.124;0;1;EDIER;
69;2015-01;2015-01-01;057;057-00;BOLSA SEGURIDAD;BOLSA;0;0;0;0;231;0;0;1;EDIER;
70;2015-01;2015-01-01;057;057-02;BOLSA SEGURIDAD;BOLSA;5.600;29.600;29.600;5.600;234;1.312.114;0;1;EDIER;
71;2015-01;2015-01-01;058;058-00;BOLSA CURRIER;BOLSA;2.600;0;0;2.600;92;237.912;0;1;EDIER;
72;2015-01;2015-01-01;058;058-01;BOLSA CURRIER;BOLSA;850;29.950;7.000;23.800;92;2.179.317;0;1;EDIER;
73;2015-01;2015-01-01;059;059-00;BOLSA CURRIER;BOLSA;6.190;0;0;6.190;144;888.294;0;1;EDIER;
74;2015-01;2015-01-01;059;059-01;BOLSA CURRIER;BOLSA;2.381;27.150;6.200;23.331;143;3.346.005;0;1;EDIER;
75;2015-01;2015-01-01;060;060-00;BOLSA SEGURIDAD;BOLSA;0;0;0;0;480;0;0;1;EDIER;
76;2015-01;2015-01-01;061;061-00;BOLSA PLASTICA;BOLSA;286.200;644.100;423.000;507.300;27;13.510.897;0;1;EDIER;
77;2015-01;2015-01-01;062;062-00;BOLSA SEGURIDAD;BOLSA;0;0;0;0;15;0;0;1;EDIER;
78;2015-01;2015-01-01;063;063-00;BOLSA SEGURIDAD;BOLSA;0;0;0;0;155;0;0;1;EDIER;
79;2015-01;2015-01-01;065;065-02;BOLSA SEGURIDAD;BOLSA;0;0;0;0;115;0;0;1;EDIER;
80;2015-01;2015-01-01;066;066-00;BOLSA SEGURIDAD;BOLSA;0;0;0;0;180;0;0;1;EDIER;
81;2015-01;2015-01-01;070;070-01;BOLSA SEGURIDAD;BOLSA;0;0;0;0;113;0;0;1;EDIER;
82;2015-01;2015-01-01;071;071-00;BOLSA SEGURIDAD;BOLSA;0;0;0;0;177;0;0;1;EDIER;
83;2015-01;2015-01-01;071;071-01;BOLSA SEGURIDAD;BOLSA;0;0;0;0;180;0;0;1;EDIER;
84;2015-01;2015-01-01;071;071-03;BOLSA SEGURIDAD;BOLSA;14.100;0;3.000;11.100;177;1.964.213;0;1;EDIER;
85;2015-01;2015-01-01;072;072-01;BOLSA SEGURIDAD;BOLSA;0;0;0;0;300;0;0;1;EDIER;
86;2015-01;2015-01-01;073;073-00;BOLSA CURRIER;BOLSA;0;0;0;0;21;0;0;1;EDIER;
87;2015-01;2015-01-01;073;073-01;BOLSA CURRIER;BOLSA;35.800;18.800;12.000;42.600;21;902.193;0;1;EDIER;
88;2015-01;2015-01-01;074;074-00;BOLSA SEGURIDAD;BOLSA;8.300;0;100;8.200;37;300.835;0;1;EDIER;
89;2015-01;2015-01-01;075;075-00;BOLSA SEGURIDAD;BOLSA;0;0;0;0;43;0;0;1;EDIER;
90;2015-01;2015-01-01;079;079-00;BOLSA CURRIER;BOLSA;0;0;0;0;86;0;0;1;EDIER;
91;2015-01;2015-01-01;081;081-02;BOLSA SEGURIDAD;BOLSA;0;0;0;0;210;0;0;1;EDIER;
92;2015-01;2015-01-01;082;082-00;BOLSA SEGURIDAD;BOLSA;0;0;0;0;122;0;0;1;EDIER;
93;2015-01;2015-01-01;083;083-00;BOLSA SEGURIDAD;BOLSA;0;0;0;0;78;0;0;1;EDIER;
94;2015-01;2015-01-01;083;083-01;BOLSA SEGURIDAD;BOLSA;1.500;0;0;1.500;78;116.257;0;1;EDIER;
95;2015-01;2015-01-01;085;085-00;BOLSA SEGURIDAD;BOLSA;0;0;0;0;191;0;0;1;EDIER;
96;2015-01;2015-01-01;086;086-00;BOLSA SEGURIDAD;BOLSA;0;0;0;0;364;0;0;1;EDIER;
97;2015-01;2015-01-01;087;087-00;BOLSA CURRIER;BOLSA;0;0;0;0;58;0;0;1;EDIER;
98;2015-01;2015-01-01;090;090-00;BOLSA CURRIER;BOLSA;0;0;0;0;84;0;0;1;EDIER;
99;2015-01;2015-01-01;093;093-01;BOLSA SEGURIDAD;BOLSA;0;0;0;0;107;0;0;1;EDIER;
100;2015-01;2015-01-01;094;094-00;BOLSA SEGURIDAD;BOLSA;644;0;0;644;290;186.677;0;1;EDIER;
101;2015-01;2015-01-01;095;095-00;N.A.;BOLSA;0;0;0;0;220;0;0;1;EDIER;
102;2015-01;2015-01-01;096;096-00;BOLSA SEGURIDAD;BOLSA;24.200;0;2.000;22.200;138;3.066.004;0;1;EDIER;
103;2015-01;2015-01-01;097;097-00;BOLSA SEGURIDAD;BOLSA;0;0;0;0;99;0;0;1;EDIER;
104;2015-01;2015-01-01;097;097-01;BOLSA SEGURIDAD;BOLSA;36.462;0;4.900;31.562;99;3.137.126;0;1;EDIER;
105;2015-01;2015-01-01;099;099-00;N.A.;BOLSA;0;0;0;0;25;0;0;1;EDIER;
106;2015-01;2015-01-01;100;100-00;BOLSA SEGURIDAD;BOLSA;0;0;0;0;145;0;0;1;EDIER;
107;2015-01;2015-01-01;101;101-00;BOLSA SEGURIDAD;BOLSA;0;0;0;0;355;0;0;1;EDIER;
108;2015-01;2015-01-01;101;101-01;BOLSA SEGURIDAD;BOLSA;5.200;0;0;5.200;365;1.896.902;0;1;EDIER;
109;2015-01;2015-01-01;102;102-00;BOLSA SEGURIDAD;BOLSA;0;0;0;0;477;0;0;1;EDIER;
110;2015-01;2015-01-01;103;103-00;N.A.;BOLSA;0;0;0;0;59;0;0;1;EDIER;
111;2015-01;2015-01-01;104;104-00;N.A.;BOLSA;0;0;0;0;70;0;0;1;EDIER;
112;2015-01;2015-01-01;105;105-00;BOLSA SEGURIDAD;BOLSA;0;0;0;0;52;0;0;1;EDIER;
113;2015-01;2015-01-01;106;106-00;BOLSA SEGURIDAD;BOLSA;0;0;0;0;269;0;0;1;EDIER;
114;2015-01;2015-01-01;107;107-00;BOLSA SEGURIDAD;BOLSA;0;0;0;0;75;0;0;1;EDIER;
115;2015-01;2015-01-01;108;108-00;BOLSA SEGURIDAD;BOLSA;0;0;0;0;354;0;0;1;EDIER;
116;2015-01;2015-01-01;109;109-00;BOLSA SEGURIDAD;BOLSA;0;0;0;0;81;0;0;1;EDIER;
117;2015-01;2015-01-01;110;110-00;BOLSA SEGURIDAD;BOLSA;0;0;0;0;106;0;0;1;EDIER;
118;2015-01;2015-01-01;111;111-00;BOLSA SEGURIDAD;BOLSA;0;0;0;0;80;0;0;1;EDIER;
119;2015-01;2015-01-01;111;111-01;BOLSA SEGURIDAD;BOLSA;48.600;0;11.600;37.000;79;2.937.045;0;1;EDIER;
120;2015-01;2015-01-01;112;112-00;BOLSA SEGURIDAD;BOLSA;0;0;0;0;65;0;0;1;EDIER;
121;2015-01;2015-01-01;112;112-01;BOLSA SEGURIDAD;BOLSA;0;0;0;0;66;0;0;1;EDIER;
122;2015-01;2015-01-01;112;112-03;BOLSA SEGURIDAD;BOLSA;0;0;0;0;65;0;0;1;EDIER;
123;2015-01;2015-01-01;112;112-04;BOLSA SEGURIDAD;BOLSA;36.900;0;500;36.400;66;2.404.721;0;1;EDIER;
124;2015-01;2015-01-01;113;113-00;BOLSA SEGURIDAD;BOLSA;0;0;0;0;84;0;0;1;EDIER;
125;2015-01;2015-01-01;114;114-00;BOLSA SEGURIDAD;BOLSA;0;0;0;0;134;0;0;1;EDIER;
126;2015-01;2015-01-01;114;114-01;BOLSA SEGURIDAD;BOLSA;3.300;0;0;3.300;144;475.620;0;1;EDIER;
127;2015-01;2015-01-01;116;116-01;BOLSA SEGURIDAD;BOLSA;0;0;0;0;32;0;0;1;EDIER;
128;2015-01;2015-01-01;117;117-00;BOLSA SEGURIDAD;BOLSA;0;0;0;0;283;0;0;1;EDIER;
129;2015-01;2015-01-01;118;118-01;BOLSA SEGURIDAD;BOLSA;0;0;0;0;32;0;0;1;EDIER;
130;2015-01;2015-01-01;120;120-00;BOLSA SEGURIDAD;BOLSA;0;0;0;0;212;0;0;1;EDIER;
131;2015-01;2015-01-01;121;121-00;BOLSA SEGURIDAD;BOLSA;0;0;0;0;84;0;0;1;EDIER;
132;2015-01;2015-01-01;122;122-00;BOLSA SEGURIDAD;BOLSA;0;0;0;0;84;0;0;1;EDIER;
133;2015-01;2015-01-01;123;123-00;BOLSA SEGURIDAD;BOLSA;0;0;0;0;159;0;0;1;EDIER;
134;2015-01;2015-01-01;124;124-00;BOLSA CURRIER;BOLSA;0;0;0;0;84;0;0;1;EDIER;
135;2015-01;2015-01-01;125;125-00;BOLSA CURRIER;BOLSA;0;0;0;0;57;0;0;1;EDIER;
136;2015-01;2015-01-01;128;128-00;BOLSA SEGURIDAD;BOLSA;0;0;0;0;147;0;0;1;EDIER;
137;2015-01;2015-01-01;129;129-01;BOLSA SEGURIDAD;BOLSA;0;0;0;0;32;0;0;1;EDIER;
138;2015-01;2015-01-01;131;131-01;BOLSA SEGURIDAD;BOLSA;0;0;0;0;130;0;0;1;EDIER;
139;2015-01;2015-01-01;133;133-00;N.A.;BOLSA;0;0;0;0;730;0;0;1;EDIER;
140;2015-01;2015-01-01;134;134-00;BOLSA CURRIER;BOLSA;0;0;0;0;181;0;0;1;EDIER;
141;2015-01;2015-01-01;135;135-00;BOLSA CURRIER;BOLSA;0;0;0;0;85;0;0;1;EDIER;
142;2015-01;2015-01-01;136;136-00;BOLSA CURRIER;BOLSA;0;0;0;0;65;0;0;1;EDIER;
143;2015-01;2015-01-01;137;137-00;BOLSA SEGURIDAD;BOLSA;0;0;0;0;189;0;0;1;EDIER;
144;2015-01;2015-01-01;137;137-01;BOLSA SEGURIDAD;BOLSA;0;0;0;0;189;0;0;1;EDIER;
145;2015-01;2015-01-01;137;137-03;BOLSA SEGURIDAD;BOLSA;0;0;0;0;192;0;0;1;EDIER;
146;2015-01;2015-01-01;137;137-04;BOLSA SEGURIDAD;BOLSA;9.100;230.000;97.200;141.900;192;27.271.930;0;1;EDIER;
147;2015-01;2015-01-01;138;138-00;BOLSA SEGURIDAD;BOLSA;0;0;0;0;402;0;0;1;EDIER;
148;2015-01;2015-01-01;138;138-01;BOLSA SEGURIDAD;BOLSA;0;0;0;0;402;0;0;1;EDIER;
149;2015-01;2015-01-01;138;138-02;BOLSA SEGURIDAD;BOLSA;0;0;0;0;402;0;0;1;EDIER;
150;2015-01;2015-01-01;138;138-04;BOLSA SEGURIDAD;BOLSA;2.976;43.769;43.200;3.545;409;1.448.410;0;1;EDIER;
151;2015-01;2015-01-01;139;139-00;BOLSA SEGURIDAD;BOLSA;0;0;0;0;478;0;0;1;EDIER;
152;2015-01;2015-01-01;139;139-01;BOLSA SEGURIDAD;BOLSA;0;0;0;0;478;0;0;1;EDIER;
153;2015-01;2015-01-01;139;139-03;BOLSA SEGURIDAD;BOLSA;0;0;0;0;487;0;0;1;EDIER;
154;2015-01;2015-01-01;139;139-04;BOLSA SEGURIDAD;BOLSA;4.240;37.297;9.900;31.637;487;15.410.070;0;1;EDIER;
155;2015-01;2015-01-01;140;140-00;BOLSA SEGURIDAD;BOLSA;0;0;0;0;155;0;0;1;EDIER;
156;2015-01;2015-01-01;140;140-02;BOLSA SEGURIDAD;BOLSA;1.224;0;0;1.224;155;189.939;0;1;EDIER;
157;2015-01;2015-01-01;141;141-00;BOLSA SEGURIDAD;BOLSA;0;0;0;0;378;0;0;1;EDIER;
158;2015-01;2015-01-01;141;141-01;BOLSA SEGURIDAD;BOLSA;0;0;0;0;378;0;0;1;EDIER;
159;2015-01;2015-01-01;141;141-04;BOLSA SEGURIDAD;BOLSA;26.400;0;100;26.300;385;10.132.426;0;1;EDIER;
160;2015-01;2015-01-01;142;142-00;BOLSA CURRIER;BOLSA;0;0;0;0;89;0;0;1;EDIER;
161;2015-01;2015-01-01;143;143-02;BOLSA SEGURIDAD;BOLSA;0;0;0;0;113;0;0;1;EDIER;
162;2015-01;2015-01-01;144;144-00;BOLSA SEGURIDAD;BOLSA;0;0;0;0;31;0;0;1;EDIER;
163;2015-01;2015-01-01;145;145-01;BOLSA CURRIER;BOLSA;0;0;0;0;56;0;0;1;EDIER;
164;2015-01;2015-01-01;146;146-01;BOLSA CURRIER;BOLSA;0;0;0;0;106;0;0;1;EDIER;
165;2015-01;2015-01-01;146;146-02;BOLSA CURRIER;BOLSA;0;0;0;0;110;0;0;1;EDIER;
166;2015-01;2015-01-01;147;147-00;BOLSA CURRIER;BOLSA;0;0;0;0;30;0;0;1;EDIER;
167;2015-01;2015-01-01;148;148-00;BOLSA SEGURIDAD;BOLSA;0;0;0;0;32;0;0;1;EDIER;
168;2015-01;2015-01-01;150;150-00;BOLSA SEGURIDAD;BOLSA;3.000;0;0;3.000;196;587.015;0;1;EDIER;
169;2015-01;2015-01-01;150;150-01;BOLSA SEGURIDAD;BOLSA;1.550;0;0;1.550;200;309.250;0;1;EDIER;
170;2015-01;2015-01-01;156;156-00;BOLSA SEGURIDAD;BOLSA;21.570;0;0;21.570;123;2.650.252;0;1;EDIER;
171;2015-01;2015-01-01;158;158-00;BOLSA CURRIER;BOLSA;0;0;0;0;89;0;0;1;EDIER;
172;2015-01;2015-01-01;158;158-01;BOLSA CURRIER;BOLSA;1.508;0;0;1.508;89;134.886;0;1;EDIER;
173;2015-01;2015-01-01;159;159-00;BOLSA SEGURIDAD;BOLSA;4.400;0;0;4.400;77;340.956;0;1;EDIER;
174;2015-01;2015-01-01;163;163-00;BOLSA SEGURIDAD;BOLSA;0;0;0;0;314;0;0;1;EDIER;
175;2015-01;2015-01-01;175;175-00;BOLSA CURRIER;BOLSA;0;0;0;0;21;0;0;1;EDIER;
176;2015-01;2015-01-01;175;175-01;BOLSA CURRIER;BOLSA;0;0;0;0;21;0;0;1;EDIER;
177;2015-01;2015-01-01;182;182-00;BOLSA SEGURIDAD;BOLSA;0;0;0;0;269;0;0;1;EDIER;
178;2015-01;2015-01-01;189;189-00;BOLSA PLASTICA;BOLSA;0;0;0;0;384;0;0;1;EDIER;
179;2015-01;2015-01-01;189;189-01;BOLSA PLASTICA;BOLSA;51.834;550;30.000;22.384;400;8.955.790;0;1;EDIER;
180;2015-01;2015-01-01;190;190-00;BOLSA PLASTICA;BOLSA;0;0;0;0;476;0;0;1;EDIER;
181;2015-01;2015-01-01;190;190-01;BOLSA PLASTICA;BOLSA;11.100;39.650;30.000;20.750;487;10.111.505;0;1;EDIER;
182;2015-01;2015-01-01;196;196-00;BOLSA SEGURIDAD;BOLSA;0;0;0;0;125;0;0;1;EDIER;
183;2015-01;2015-01-01;197;197-00;BOLSA SEGURIDAD;BOLSA;0;0;0;0;193;0;0;1;EDIER;
184;2015-01;2015-01-01;198;198-00;BOLSA CURRIER;BOLSA;0;0;0;0;78;0;0;1;EDIER;
185;2015-01;2015-01-01;201;201-00;BOLSA CURRIER;BOLSA;0;0;0;0;69;0;0;1;EDIER;
186;2015-01;2015-01-01;202;202-00;BOLSA PLASTICA;BOLSA;0;0;0;0;204;0;0;1;EDIER;
187;2015-01;2015-01-01;202;202-01;BOLSA PLASTICA;BOLSA;71.599;0;71.432;167;210;35.084;0;1;EDIER;
188;2015-01;2015-01-01;207;207-00;BOLSA CURRIER;BOLSA;0;0;0;0;19;0;0;1;EDIER;
189;2015-01;2015-01-01;214;214-00;BOLSA CURRIER;BOLSA;0;0;0;0;19;0;0;1;EDIER;
190;2015-01;2015-01-01;216;216-00;BOLSA SEGURIDAD;BOLSA;0;0;0;0;278;0;0;1;EDIER;
191;2015-01;2015-01-01;217;217-00;BOLSA SEGURIDAD;BOLSA;0;0;0;0;29;0;0;1;EDIER;
192;2015-01;2015-01-01;218;218-00;BOLSA SEGURIDAD;BOLSA;266.300;155.648;371.200;50.748;30;1.520.327;0;1;EDIER;
193;2015-01;2015-01-01;219;219-00;BOLSA SEGURIDAD;BOLSA;78.300;0;78.000;300;74;22.287;0;1;EDIER;
194;2015-01;2015-01-01;223;223-02;BOLSA SEGURIDAD;BOLSA;0;0;0;0;86;0;0;1;EDIER;
195;2015-01;2015-01-01;226;226-01;BOLSA CURRIER;BOLSA;0;0;0;0;46;0;0;1;EDIER;
196;2015-01;2015-01-01;230;230-00;BOLSA SEGURIDAD;BOLSA;0;0;0;0;199;0;0;1;EDIER;
197;2015-01;2015-01-01;231;231-00;BOLSA SEGURIDAD;BOLSA;0;0;0;0;78;0;0;1;EDIER;
198;2015-01;2015-01-01;231;231-01;BOLSA SEGURIDAD;BOLSA;0;0;0;0;79;0;0;1;EDIER;
199;2015-01;2015-01-01;231;231-02;BOLSA SEGURIDAD;BOLSA;27.300;78.300;40.500;65.100;79;5.140.077;0;1;EDIER;
200;2015-01;2015-01-01;232;232-01;BOLSA SEGURIDAD;BOLSA;0;0;0;0;144;0;0;1;EDIER;
201;2015-01;2015-01-01;233;233-01;BOLSA SEGURIDAD;BOLSA;0;0;0;0;212;0;0;1;EDIER;
202;2015-01;2015-01-01;241;241-00;BOLSA CURRIER;BOLSA;0;0;0;0;27;0;0;1;EDIER;
203;2015-01;2015-01-01;244;244-00;BOLSA CURRIER;BOLSA;0;0;0;0;51;0;0;1;EDIER;
204;2015-01;2015-01-01;245;245-00;BOLSA CURRIER;BOLSA;0;0;0;0;54;0;0;1;EDIER;
205;2015-01;2015-01-01;246;246-00;BOLSA CURRIER;BOLSA;0;0;0;0;86;0;0;1;EDIER;
206;2015-01;2015-01-01;247;247-00;BOLSA CURRIER;BOLSA;0;0;0;0;77;0;0;1;EDIER;
207;2015-01;2015-01-01;249;249-00;BOLSA CURRIER;BOLSA;49.350;1.850;4.800;46.400;108;5.016.825;0;1;EDIER;
208;2015-01;2015-01-01;250;250-00;BOLSA SEGURIDAD;BOLSA;0;0;0;0;249;0;0;1;EDIER;
209;2015-01;2015-01-01;250;250-01;BOLSA SEGURIDAD;BOLSA;0;0;0;0;249;0;0;1;EDIER;
210;2015-01;2015-01-01;250;250-02;BOLSA SEGURIDAD;BOLSA;0;0;0;0;249;0;0;1;EDIER;
211;2015-01;2015-01-01;250;250-04;BOLSA SEGURIDAD;BOLSA;46.000;0;500;45.500;254;11.536.003;0;1;EDIER;
212;2015-01;2015-01-01;253;253-00;BOLSA SEGURIDAD;BOLSA;0;0;0;0;282;0;0;1;EDIER;
213;2015-01;2015-01-01;266;266-01;BOLSA SEGURIDAD;BOLSA;0;0;0;0;277;0;0;1;EDIER;
214;2015-01;2015-01-01;272;272-00;BOLSA SEGURIDAD;BOLSA;0;0;0;0;74;0;0;1;EDIER;
215;2015-01;2015-01-01;273;273-01;BOLSA SEGURIDAD;BOLSA;0;0;0;0;334;0;0;1;EDIER;
216;2015-01;2015-01-01;279;279-00;BOLSA SEGURIDAD;BOLSA;0;0;0;0;125;0;0;1;EDIER;
217;2015-01;2015-01-01;280;280-00;BOLSA CURRIER;BOLSA;0;0;0;0;70;0;0;1;EDIER;
218;2015-01;2015-01-01;285;285-00;BOLSA CURRIER;BOLSA;0;0;0;0;70;0;0;1;EDIER;
219;2015-01;2015-01-01;286;286-00;BOLSA CURRIER;BOLSA;0;0;0;0;70;0;0;1;EDIER;
220;2015-01;2015-01-01;290;290-00;BOLSA SEGURIDAD;BOLSA;333.100;0;200.000;133.100;79;10.546.616;0;1;EDIER;
221;2015-01;2015-01-01;301;301-00;BOLSA SEGURIDAD;BOLSA;0;0;0;0;74;0;0;1;EDIER;
222;2015-01;2015-01-01;301;301-02;BOLSA SEGURIDAD;BOLSA;34.300;0;0;34.300;75;2.564.767;0;1;EDIER;
223;2015-01;2015-01-01;302;302-00;BOLSA PLASTICA;BOLSA;0;0;0;0;83;0;0;1;EDIER;
224;2015-01;2015-01-01;306;306-01;BOLSA SEGURIDAD;BOLSA;0;0;0;0;102;0;0;1;EDIER;
225;2015-01;2015-01-01;307;307-01;BOLSA CURRIER;BOLSA;0;0;0;0;124;0;0;1;EDIER;
226;2015-01;2015-01-01;308;308-00;BOLSA SEGURIDAD;BOLSA;19.449;0;0;19.449;77;1.501.452;0;1;EDIER;
227;2015-01;2015-01-01;309;309-00;BOLSA SEGURIDAD;BOLSA;3.600;0;0;3.600;77;276.365;0;1;EDIER;
228;2015-01;2015-01-01;314;314-00;BOLSA SEGURIDAD;BOLSA;0;0;0;0;475;0;0;1;EDIER;
229;2015-01;2015-01-01;315;315-00;BOLSA SEGURIDAD;BOLSA;0;0;0;0;160;0;0;1;EDIER;
230;2015-01;2015-01-01;315;315-02;BOLSA SEGURIDAD;BOLSA;36.400;0;0;36.400;160;5.820.140;0;1;EDIER;
231;2015-01;2015-01-01;316;316-00;BOLSA SEGURIDAD;BOLSA;9.850;0;0;9.850;57;557.705;0;1;EDIER;
232;2015-01;2015-01-01;317;317-00;BOLSA PLASTICA;BOLSA;0;0;0;0;9;0;0;1;EDIER;
233;2015-01;2015-01-01;319;319-00;BOLSA SEGURIDAD;BOLSA;7.100;0;100;7.000;308;2.155.642;0;1;EDIER;
234;2015-01;2015-01-01;320;320-00;BOLSA PLASTICA;BOLSA;0;0;0;0;103;0;0;1;EDIER;
235;2015-01;2015-01-01;321;321-00;BOLSA CURRIER;BOLSA;42.485;0;0;42.485;45;1.916.744;0;1;EDIER;
236;2015-01;2015-01-01;322;322-00;BOLSA CURRIER;BOLSA;2.357;0;2.357;0;101;0;0;1;EDIER;
237;2015-01;2015-01-01;323;323-00;BOLSA CURRIER;BOLSA;0;0;0;0;59;0;0;1;EDIER;
238;2015-01;2015-01-01;323;323-01;BOLSA CURRIER;BOLSA;18.400;0;3.000;15.400;61;941.194;0;1;EDIER;
239;2015-01;2015-01-01;324;324-00;BOLSA CURRIER;BOLSA;0;0;0;0;100;0;0;1;EDIER;
240;2015-01;2015-01-01;324;324-01;BOLSA CURRIER;BOLSA;6.500;0;3.000;3.500;103;359.658;0;1;EDIER;
241;2015-01;2015-01-01;325;325-00;BOLSA CURRIER;BOLSA;0;0;0;0;220;0;0;1;EDIER;
242;2015-01;2015-01-01;325;325-01;BOLSA CURRIER;BOLSA;1.100;0;1.100;0;225;0;0;1;EDIER;
243;2015-01;2015-01-01;326;326-00;BOLSA CURRIER;BOLSA;0;0;0;0;21;0;0;1;EDIER;
244;2015-01;2015-01-01;327;327-00;BOLSA CURRIER;BOLSA;888;0;888;0;21;0;0;1;EDIER;
245;2015-01;2015-01-01;328;328-00;BOLSA SEGURIDAD;BOLSA;5.000;0;3.900;1.100;488;536.267;0;1;EDIER;
246;2015-01;2015-01-01;329;329-00;BOLSA SEGURIDAD;BOLSA;0;0;0;0;179;0;0;1;EDIER;
247;2015-01;2015-01-01;329;329-01;BOLSA SEGURIDAD;BOLSA;14.700;0;0;14.700;183;2.690.836;0;1;EDIER;
248;2015-01;2015-01-01;331;331-00;BOLSA CURRIER;BOLSA;0;0;0;0;45;0;0;1;EDIER;
249;2015-01;2015-01-01;332;332-00;BOLSA SEGURIDAD;BOLSA;0;0;0;0;115;0;0;1;EDIER;
250;2015-01;2015-01-01;332;332-01;BOLSA SEGURIDAD;BOLSA;3.923;0;0;3.923;115;451.222;0;1;EDIER;
251;2015-01;2015-01-01;333;333-00;BOLSA SEGURIDAD;BOLSA;3.050;0;0;3.050;59;179.603;0;1;EDIER;
252;2015-01;2015-01-01;334;334-00;BOLSA CURRIER;BOLSA;34.000;0;0;34.000;68;2.301.789;0;1;EDIER;
253;2015-01;2015-01-01;334;334-01;BOLSA CURRIER;BOLSA;0;0;0;0;68;0;0;1;EDIER;
254;2015-01;2015-01-01;334;334-03;BOLSA CURRIER;BOLSA;0;0;0;0;69;0;0;1;EDIER;
255;2015-01;2015-01-01;334;334-04;BOLSA CURRIER;BOLSA;190;34.000;34.000;190;68;12.979;0;1;EDIER;
256;2015-01;2015-01-01;335;335-00;BOLSA CURRIER;BOLSA;50.000;0;0;50.000;49;2.444.341;0;1;EDIER;
257;2015-01;2015-01-01;335;335-01;BOLSA CURRIER;BOLSA;0;0;0;0;49;0;0;1;EDIER;
258;2015-01;2015-01-01;335;335-02;BOLSA CURRIER;BOLSA;0;0;0;0;49;0;0;1;EDIER;
259;2015-01;2015-01-01;335;335-03;BOLSA CURRIER;BOLSA;0;0;0;0;50;0;0;1;EDIER;
260;2015-01;2015-01-01;335;335-04;BOLSA CURRIER;BOLSA;30.300;121.700;152.000;0;50;0;0;1;EDIER;
261;2015-01;2015-01-01;336;336-00;BOLSA CURRIER;BOLSA;0;0;0;0;33;0;0;1;EDIER;
262;2015-01;2015-01-01;337;337-00;BOLSA CURRIER;BOLSA;0;0;0;0;33;0;0;1;EDIER;
263;2015-01;2015-01-01;337;337-02;BOLSA CURRIER;BOLSA;0;0;0;0;35;0;0;1;EDIER;
264;2015-01;2015-01-01;338;338-00;BOLSA SEGURIDAD;BOLSA;0;0;0;0;179;0;0;1;EDIER;
265;2015-01;2015-01-01;339;339-00;BOLSA SEGURIDAD;BOLSA;31.600;34.857;23.400;43.057;124;5.339.309;0;1;EDIER;
266;2015-01;2015-01-01;340;340-00;BOLSA SEGURIDAD;BOLSA;18.995;20.405;16.700;22.700;277;6.288.537;0;1;EDIER;
267;2015-01;2015-01-01;343;343-00;BOLSA SEGURIDAD;BOLSA;0;0;0;0;269;0;0;1;EDIER;
268;2015-01;2015-01-01;343;343-01;BOLSA SEGURIDAD;BOLSA;1.900;0;0;1.900;269;510.753;0;1;EDIER;
269;2015-01;2015-01-01;344;344-00;PACKING LIST;BOLSA;0;0;0;0;29;0;0;1;EDIER;
270;2015-01;2015-01-01;344;344-04;PACKING LIST;BOLSA;1.750;0;0;1.750;29;50.717;0;1;EDIER;
271;2015-01;2015-01-01;346;346-00;BOLSA PLASTICA;BOLSA;30.000;0;0;30.000;128;3.853.616;0;1;EDIER;
272;2015-01;2015-01-01;346;346-01;BOLSA PLASTICA;BOLSA;75.670;0;70.000;5.670;128;726.564;0;1;EDIER;
273;2015-01;2015-01-01;348;348-00;BOLSA SEGURIDAD;BOLSA;0;0;0;0;121;0;0;1;EDIER;
274;2015-01;2015-01-01;349;349-00;BOLSA SEGURIDAD;BOLSA;0;0;0;0;121;0;0;1;EDIER;
275;2015-01;2015-01-01;350;350-00;BOLSA PLASTICA;BOLSA;0;0;0;0;68;0;0;1;EDIER;
276;2015-01;2015-01-01;350;350-01;BOLSA PLASTICA;BOLSA;6.100;3.400;9.500;0;72;0;0;1;EDIER;
277;2015-01;2015-01-01;352;352-01;BOLSA SEGURIDAD;BOLSA;0;0;0;0;124;0;0;1;EDIER;
278;2015-01;2015-01-01;353;353-00;BOLSA CURRIER;BOLSA;9.200;38.000;26.000;21.200;65;1.376.556;0;1;EDIER;
279;2015-01;2015-01-01;354;354-00;BOLSA CURRIER;BOLSA;0;29.100;2.800;26.300;60;1.578.853;0;1;EDIER;
280;2015-01;2015-01-01;355;355-00;BOLSA SEGURIDAD;BOLSA;0;0;0;0;125;0;0;1;EDIER;
281;2015-01;2015-01-01;356;356-00;BOLSA CURRIER;BOLSA;0;0;0;0;44;0;0;1;EDIER;
282;2015-01;2015-01-01;359;359-00;BOLSA CURRIER;BOLSA;3.349;0;0;3.349;79;264.278;0;1;EDIER;
283;2015-01;2015-01-01;360;360-00;BOLSA CURRIER;BOLSA;0;0;0;0;182;0;0;1;EDIER;
284;2015-01;2015-01-01;361;361-00;BOLSA CURRIER;BOLSA;8.700;53.900;0;62.600;77;4.815.656;0;1;EDIER;
285;2015-01;2015-01-01;362;362-00;BOLSA CURRIER;BOLSA;7.736;57.064;0;64.800;182;11.793.382;0;1;EDIER;
286;2015-01;2015-01-01;363;363-00;BOLSA SEGURIDAD;BOLSA;0;0;0;0;229;0;0;1;EDIER;
287;2015-01;2015-01-01;364;364-00;BOLSA CURRIER;BOLSA;0;0;0;0;124;0;0;1;EDIER;
288;2015-01;2015-01-01;365;365-00;BOLSA CURRIER;BOLSA;1.015;0;0;1.015;47;48.165;0;1;EDIER;
289;2015-01;2015-01-01;366;366-00;BOLSA SEGURIDAD;BOLSA;0;0;0;0;128;0;0;1;EDIER;
290;2015-01;2015-01-01;367;367-00;BOLSA SEGURIDAD;BOLSA;0;0;0;0;285;0;0;1;EDIER;
291;2015-01;2015-01-01;368;368-00;BOLSA SEGURIDAD;BOLSA;0;0;0;0;490;0;0;1;EDIER;
292;2015-01;2015-01-01;369;369-00;BOLSA CURRIER;BOLSA;0;0;0;0;78;0;0;1;EDIER;
293;2015-01;2015-01-01;370;370-00;BOLSA SEGURIDAD;BOLSA;0;0;0;0;121;0;0;1;EDIER;
294;2015-01;2015-01-01;371;371-00;BOLSA SEGURIDAD;BOLSA;0;0;0;0;179;0;0;1;EDIER;
295;2015-01;2015-01-01;372;372-00;BOLSA SEGURIDAD;BOLSA;0;0;0;0;264;0;0;1;EDIER;
296;2015-01;2015-01-01;373;373-00;BOLSA SEGURIDAD;BOLSA;0;0;0;0;463;0;0;1;EDIER;
297;2015-01;2015-01-01;374;374-00;BOLSA PLASTICA;BOLSA;14.731;28.669;40.000;3.400;50;168.653;0;1;EDIER;
298;2015-01;2015-01-01;375;375-00;PACKING LIST;BOLSA;0;0;0;0;24;0;0;1;EDIER;
299;2015-01;2015-01-01;375;375-01;PACKING LIST;BOLSA;0;60.800;60.000;800;24;18.957;0;1;EDIER;
300;2015-01;2015-01-01;376;376-00;BOLSA SEGURIDAD;BOLSA;0;0;0;0;187;0;0;1;EDIER;
301;2015-01;2015-01-01;376;376-01;BOLSA SEGURIDAD;BOLSA;0;0;0;0;190;0;0;1;EDIER;
302;2015-01;2015-01-01;377;377-00;BOLSA SEGURIDAD;BOLSA;0;0;0;0;327;0;0;1;EDIER;
303;2015-01;2015-01-01;377;377-01;BOLSA SEGURIDAD;BOLSA;0;0;0;0;335;0;0;1;EDIER;
304;2015-01;2015-01-01;378;378-01;BOLSA SEGURIDAD;BOLSA;0;0;0;0;477;0;0;1;EDIER;
305;2015-01;2015-01-01;379;379-01;BOLSA SEGURIDAD;BOLSA;0;0;0;0;285;0;0;1;EDIER;
306;2015-01;2015-01-01;380;380-01;BOLSA SEGURIDAD;BOLSA;0;0;0;0;499;0;0;1;EDIER;
307;2015-01;2015-01-01;381;381-00;BOLSA SEGURIDAD;BOLSA;0;0;0;0;100;0;0;1;EDIER;
308;2015-01;2015-01-01;382;382-00;BOLSA SEGURIDAD;BOLSA;0;0;0;0;47;0;0;1;EDIER;
309;2015-01;2015-01-01;383;383-00;BOLSA CURRIER;BOLSA;79.457;0;0;79.457;20;1.622.452;0;1;EDIER;
310;2015-01;2015-01-01;384;384-00;BOLSA CURRIER;BOLSA;0;0;0;0;60;0;0;1;EDIER;
311;2015-01;2015-01-01;384;384-01;BOLSA CURRIER;BOLSA;0;0;0;0;62;0;0;1;EDIER;
312;2015-01;2015-01-01;385;385-00;BOLSA CURRIER;BOLSA;0;0;0;0;80;0;0;1;EDIER;
313;2015-01;2015-01-01;385;385-01;BOLSA CURRIER;BOLSA;0;0;0;0;81;0;0;1;EDIER;
314;2015-01;2015-01-01;386;386-00;BOLSA CURRIER;BOLSA;0;0;0;0;102;0;0;1;EDIER;
315;2015-01;2015-01-01;386;386-01;BOLSA CURRIER;BOLSA;0;0;0;0;104;0;0;1;EDIER;
316;2015-01;2015-01-01;387;387-00;BOLSA CURRIER;BOLSA;0;0;0;0;28;0;0;1;EDIER;
317;2015-01;2015-01-01;387;387-01;BOLSA CURRIER;BOLSA;0;0;0;0;29;0;0;1;EDIER;
318;2015-01;2015-01-01;388;388-00;BOLSA SEGURIDAD;BOLSA;0;0;0;0;141;0;0;1;EDIER;
319;2015-01;2015-01-01;389;389-00;BOLSA PLASTICA;BOLSA;93.900;0;42.455;51.445;51;2.629.222;0;1;EDIER;
320;2015-01;2015-01-01;390;390-00;BOLSA SEGURIDAD;BOLSA;0;0;0;0;223;0;0;1;EDIER;
321;2015-01;2015-01-01;391;391-00;BOLSA PLASTICA;BOLSA;0;0;0;0;178;0;0;1;EDIER;
322;2015-01;2015-01-01;392;392-00;BOLSA SEGURIDAD;BOLSA;0;0;0;0;185;0;0;1;EDIER;
323;2015-01;2015-01-01;393;393-00;BOLSA SEGURIDAD;BOLSA;0;0;0;0;327;0;0;1;EDIER;
324;2015-01;2015-01-01;394;394-00;BOLSA SEGURIDAD;BOLSA;0;0;0;0;473;0;0;1;EDIER;
325;2015-01;2015-01-01;395;395-00;BOLSA SEGURIDAD;BOLSA;0;0;0;0;185;0;0;1;EDIER;
326;2015-01;2015-01-01;396;396-00;BOLSA SEGURIDAD;BOLSA;0;0;0;0;327;0;0;1;EDIER;
327;2015-01;2015-01-01;397;397-00;BOLSA SEGURIDAD;BOLSA;0;0;0;0;477;0;0;1;EDIER;
328;2015-01;2015-01-01;398;398-00;BOLSA CURRIER;BOLSA;0;43.400;43.400;0;33;0;0;1;EDIER;
329;2015-01;2015-01-01;400;400-00;BOLSA CURRIER;BOLSA;0;0;0;0;22;0;0;1;EDIER;
330;2015-01;2015-01-01;401;401-00;BOLSA CURRIER;BOLSA;20.800;0;0;20.800;48;1.004.066;0;1;EDIER;
331;2015-01;2015-01-01;402;402-00;BOLSA CURRIER;BOLSA;0;0;0;0;87;0;0;1;EDIER;
332;2015-01;2015-01-01;403;403-00;PACKING LIST;BOLSA;0;0;0;0;12;0;0;1;EDIER;
333;2015-01;2015-01-01;404;404-00;BOLSA MONEDA;BOLSA;6.800;0;0;6.800;266;1.807.305;0;1;EDIER;
334;2015-01;2015-01-01;405;405-00;BOLSA CURRIER;BOLSA;0;0;0;0;23;0;0;1;EDIER;
335;2015-01;2015-01-01;405;405-01;BOLSA CURRIER;BOLSA;14.646;345.354;180.000;180.000;22;4.040.762;0;1;EDIER;
336;2015-01;2015-01-01;406;406-00;BOLSA CURRIER;BOLSA;0;0;0;0;107;0;0;1;EDIER;
337;2015-01;2015-01-01;407;407-00;BOLSA SEGURIDAD;BOLSA;162.500;155.171;171;317.500;93;29.550.200;0;1;EDIER;
338;2015-01;2015-01-01;408;408-00;BOLSA PLASTICA;BOLSA;0;0;0;0;161;0;0;1;EDIER;
339;2015-01;2015-01-01;409;409-00;BOLSA SEGURIDAD;BOLSA;0;0;0;0;330;0;0;1;EDIER;
340;2015-01;2015-01-01;410;410-00;BOLSA SEGURIDAD;BOLSA;0;0;0;0;485;0;0;1;EDIER;
341;2015-01;2015-01-01;411;411-00;BOLSA SEGURIDAD;BOLSA;0;0;0;0;185;0;0;1;EDIER;
342;2015-01;2015-01-01;412;412-00;BOLSA CURRIER;BOLSA;0;0;0;0;92;0;0;1;EDIER;
343;2015-01;2015-01-01;413;413-00;BOLSA CURRIER;BOLSA;0;10.700;8.100;2.600;128;333.125;0;1;EDIER;
344;2015-01;2015-01-01;414;414-00;BOLSA CURRIER;BOLSA;159.000;0;0;159.000;125;19.946.330;0;1;EDIER;
345;2015-01;2015-01-01;415;415-00;BOLSA SEGURIDAD;BOLSA;0;0;0;0;73;0;0;1;EDIER;
346;2015-01;2015-01-01;415;415-01;BOLSA SEGURIDAD;BOLSA;16.000;0;0;16.000;73;1.172.870;0;1;EDIER;
347;2015-01;2015-01-01;416;416-00;BOLSA CURRIER;BOLSA;0;0;0;0;36;0;0;1;EDIER;
348;2015-01;2015-01-01;417;417-00;BOLSA CURRIER;BOLSA;0;0;0;0;84;0;0;1;EDIER;
349;2015-01;2015-01-01;417;417-01;BOLSA CURRIER;BOLSA;2.400;0;0;2.400;86;205.837;0;1;EDIER;
350;2015-01;2015-01-01;418;418-00;BOLSA CURRIER;BOLSA;0;0;0;0;35;0;0;1;EDIER;
351;2015-01;2015-01-01;419;419-00;BOLSA SEGURIDAD;BOLSA;1.164;0;0;1.164;129;149.767;0;1;EDIER;
352;2015-01;2015-01-01;420;420-00;BOLSA SEGURIDAD;BOLSA;0;0;0;0;30;0;0;1;EDIER;
353;2015-01;2015-01-01;421;421-00;BOLSA CURRIER;BOLSA;0;0;0;0;38;0;0;1;EDIER;
354;2015-01;2015-01-01;422;422-00;PACKING LIST;BOLSA;0;0;0;0;10;0;0;1;EDIER;
355;2015-01;2015-01-01;423;423-00;PACKING LIST;BOLSA;23.450;51.500;13.900;61.050;21;1.284.958;0;1;EDIER;
356;2015-01;2015-01-01;424;424-00;BOLSA CURRIER;BOLSA;0;0;0;0;25;0;0;1;EDIER;
357;2015-01;2015-01-01;425;425-00;BOLSA CURRIER;BOLSA;0;0;0;0;60;0;0;1;EDIER;
358;2015-01;2015-01-01;426;426-00;BOLSA SEGURIDAD;BOLSA;0;0;0;0;125;0;0;1;EDIER;
359;2015-01;2015-01-01;427;427-00;BOLSA CURRIER;BOLSA;0;0;0;0;60;0;0;1;EDIER;
360;2015-01;2015-01-01;428;428-00;BOLSA CURRIER;BOLSA;0;0;0;0;60;0;0;1;EDIER;
361;2015-01;2015-01-01;429;429-00;PACKING LIST;BOLSA;16.500;0;16.500;0;21;0;0;1;EDIER;
362;2015-01;2015-01-01;430;430-00;BOLSA CURRIER;BOLSA;13.289;0;2;13.287;20;269.472;0;1;EDIER;
363;2015-01;2015-01-01;433;433-00;BOLSA CURRIER;BOLSA;10.000;0;0;10.000;60;603.113;0;1;EDIER;
364;2015-01;2015-01-01;434;434-00;BOLSA PLASTICA;BOLSA;9.336;0;0;9.336;160;1.494.637;0;1;EDIER;
365;2015-01;2015-01-01;435;435-00;BOLSA CURRIER;BOLSA;2.400;0;0;2.400;123;295.902;0;1;EDIER;
366;2015-01;2015-01-01;436;436-00;BOLSA CURRIER;BOLSA;5.900;0;0;5.900;166;980.261;0;1;EDIER;
367;2015-01;2015-01-01;437;437-00;BOLSA CURRIER;BOLSA;2.200;0;0;2.200;39;85.588;0;1;EDIER;
368;2015-01;2015-01-01;439;439-00;PACKING LIST;BOLSA;27.574;0;0;27.574;19;533.746;0;1;EDIER;
369;2015-01;2015-01-01;440;440-00;BOLSA CURRIER;BOLSA;2.000;0;0;2.000;69;137.427;0;1;EDIER;
370;2015-01;2015-01-01;441;441-00;BOLSA CURRIER;BOLSA;0;0;0;0;120;0;0;1;EDIER;
371;2015-01;2015-01-01;442;442-00;BOLSA CURRIER;BOLSA;0;0;0;0;101;0;0;1;EDIER;
372;2015-01;2015-01-01;443;443-00;BOLSA SEGURIDAD;BOLSA;0;0;0;0;82;0;0;1;EDIER;
373;2015-01;2015-01-01;444;444-00;BOLSA SEGURIDAD;BOLSA;0;0;0;0;78;0;0;1;EDIER;
374;2015-01;2015-01-01;444;444-04;BOLSA SEGURIDAD;BOLSA;0;0;0;0;78;0;0;1;EDIER;
375;2015-01;2015-01-01;445;445-00;PACKING LIST;BOLSA;10.331;82.669;60.000;33.000;24;805.097;0;1;EDIER;
376;2015-01;2015-01-01;446;446-00;BOLSA CURRIER;BOLSA;0;0;0;0;44;0;0;1;EDIER;
377;2015-01;2015-01-01;447;447-00;BOLSA MONEDA;BOLSA;0;0;0;0;276;0;0;1;EDIER;
378;2015-01;2015-01-01;449;449-00;BOLSA SEGURIDAD;BOLSA;0;0;0;0;78;0;0;1;EDIER;
379;2015-01;2015-01-01;453;453-00;BOLSA PLASTICA;BOLSA;0;0;0;0;123;0;0;1;EDIER;
380;2015-01;2015-01-01;454;454-00;N.A.;BOLSA;0;0;0;0;24;0;0;1;EDIER;
381;2015-01;2015-01-01;455;455-00;N.A.;BOLSA;0;0;0;0;30;0;0;1;EDIER;
382;2015-01;2015-01-01;456;456-00;BOLSA SEGURIDAD;BOLSA;51.700;0;0;51.700;45;2.309.425;0;1;EDIER;
383;2015-01;2015-01-01;456;456-01;BOLSA SEGURIDAD;BOLSA;5.295;45.066;35.095;15.266;46;695.199;0;1;EDIER;
384;2015-01;2015-01-01;457;457-00;BOLSA CURRIER;BOLSA;23.458;0;0;23.458;82;1.922.336;0;1;EDIER;
385;2015-01;2015-01-01;458;458-00;BOLSA CURRIER;BOLSA;19.100;0;0;19.100;32;607.935;0;1;EDIER;
386;2015-01;2015-01-01;459;459-00;BOLSA CURRIER;BOLSA;28.000;0;0;28.000;15;426.980;0;1;EDIER;
387;2015-01;2015-01-01;460;460-01;BOLSA CURRIER;BOLSA;0;0;0;0;24;0;0;1;EDIER;
388;2015-01;2015-01-01;461;461-01;BOLSA CURRIER;BOLSA;0;0;0;0;16;0;0;1;EDIER;
389;2015-01;2015-01-01;463;463-00;BOLSA CURRIER;BOLSA;100;0;0;100;106;10.599;0;1;EDIER;
390;2015-01;2015-01-01;464;464-00;BOLSA CURRIER;BOLSA;0;0;0;0;164;0;0;1;EDIER;
391;2015-01;2015-01-01;465;465-00;N.A.;BOLSA;0;0;0;0;53;0;0;1;EDIER;
392;2015-01;2015-01-01;466;466-00;BOLSA SEGURIDAD;BOLSA;0;0;0;0;268;0;0;1;EDIER;
393;2015-01;2015-01-01;467;467-00;BOLSA SEGURIDAD;BOLSA;5.800;0;0;5.800;187;1.084.009;0;1;EDIER;
394;2015-01;2015-01-01;468;468-00;BOLSA CURRIER;BOLSA;0;0;0;0;27;0;0;1;EDIER;
395;2015-01;2015-01-01;469;469-00;BOLSA CURRIER;BOLSA;0;0;0;0;56;0;0;1;EDIER;
396;2015-01;2015-01-01;469;469-03;BOLSA CURRIER;BOLSA;0;0;0;0;57;0;0;1;EDIER;
397;2015-01;2015-01-01;469;469-04;BOLSA CURRIER;BOLSA;0;0;0;0;57;0;0;1;EDIER;
398;2015-01;2015-01-01;470;470-00;BOLSA CURRIER;BOLSA;0;0;0;0;93;0;0;1;EDIER;
399;2015-01;2015-01-01;472;472-00;BOLSA CURRIER;BOLSA;0;0;0;0;136;0;0;1;EDIER;
400;2015-01;2015-01-01;472;472-01;BOLSA CURRIER;BOLSA;2.760;12.950;5.000;10.710;139;1.486.973;0;1;EDIER;
401;2015-01;2015-01-01;473;473-00;BOLSA CURRIER;BOLSA;0;0;0;0;257;0;0;1;EDIER;
402;2015-01;2015-01-01;473;473-01;BOLSA CURRIER;BOLSA;700;4.600;2.000;3.300;273;900.112;0;1;EDIER;
403;2015-01;2015-01-01;474;474-00;BOLSA SEGURIDAD;BOLSA;0;0;0;0;188;0;0;1;EDIER;
404;2015-01;2015-01-01;474;474-01;BOLSA SEGURIDAD;BOLSA;0;0;0;0;188;0;0;1;EDIER;
405;2015-01;2015-01-01;475;475-00;BOLSA SEGURIDAD;BOLSA;0;0;0;0;273;0;0;1;EDIER;
406;2015-01;2015-01-01;475;475-01;BOLSA SEGURIDAD;BOLSA;0;0;0;0;273;0;0;1;EDIER;
407;2015-01;2015-01-01;477;477-00;BOLSA CURRIER;BOLSA;0;0;0;0;30;0;0;1;EDIER;
408;2015-01;2015-01-01;478;478-00;BOLSA CURRIER;BOLSA;360;0;0;360;28;10.093;0;1;EDIER;
409;2015-01;2015-01-01;479;479-00;BOLSA PLASTICA;BOLSA;0;8.300;0;8.300;52;428.163;0;1;EDIER;
410;2015-01;2015-01-01;480;480-00;BOLSA CURRIER;BOLSA;0;0;0;0;68;0;0;1;EDIER;
411;2015-01;2015-01-01;481;481-00;BOLSA CURRIER;BOLSA;0;0;0;0;119;0;0;1;EDIER;
412;2015-01;2015-01-01;482;482-00;BOLSA CURRIER;BOLSA;0;0;0;0;21;0;0;1;EDIER;
413;2015-01;2015-01-01;483;483-00;BOLSA CURRIER;BOLSA;0;0;0;0;65;0;0;1;EDIER;
414;2015-01;2015-01-01;483;483-01;BOLSA CURRIER;BOLSA;0;0;0;0;67;0;0;1;EDIER;
415;2015-01;2015-01-01;483;483-02;BOLSA CURRIER;BOLSA;0;0;0;0;65;0;0;1;EDIER;
416;2015-01;2015-01-01;484;484-00;BOLSA CURRIER;BOLSA;0;0;0;0;29;0;0;1;EDIER;
417;2015-01;2015-01-01;485;485-00;BOLSA SEGURIDAD;BOLSA;0;0;0;0;78;0;0;1;EDIER;
418;2015-01;2015-01-01;487;487-01;BOLSA SEGURIDAD;BOLSA;0;0;0;0;184;0;0;1;EDIER;
419;2015-01;2015-01-01;488;488-01;BOLSA SEGURIDAD;BOLSA;0;0;0;0;326;0;0;1;EDIER;
420;2015-01;2015-01-01;489;489-00;BOLSA SEGURIDAD;BOLSA;0;0;0;0;476;0;0;1;EDIER;
421;2015-01;2015-01-01;490;490-00;PACKING LIST;BOLSA;0;5.000;0;5.000;21;104.297;0;1;EDIER;
422;2015-01;2015-01-01;491;491-00;BOLSA CURRIER;BOLSA;13.242;0;0;13.242;116;1.540.675;0;1;EDIER;
423;2015-01;2015-01-01;492;492-00;BOLSA CURRIER;BOLSA;10.000;0;0;10.000;12;116.491;0;1;EDIER;
424;2015-01;2015-01-01;495;495-00;BOLSA SEGURIDAD;BOLSA;0;0;0;0;153;0;0;1;EDIER;
425;2015-01;2015-01-01;496;496-00;BOLSA SEGURIDAD;BOLSA;96.000;46.200;40.000;102.200;98;10.059.346;0;1;EDIER;
426;2015-01;2015-01-01;497;497-00;BOLSA CURRIER;BOLSA;0;0;0;0;26;0;0;1;EDIER;
427;2015-01;2015-01-01;502;502-00;BOLSA CURRIER;BOLSA;0;0;0;0;57;0;0;1;EDIER;
428;2015-01;2015-01-01;503;503-00;BOLSA CURRIER;BOLSA;7.500;0;0;7.500;29;217.052;0;1;EDIER;
429;2015-01;2015-01-01;504;504-00;BOLSA SEGURIDAD;BOLSA;0;0;0;0;81;0;0;1;EDIER;
430;2015-01;2015-01-01;505;505-00;BOLSA SEGURIDAD;BOLSA;0;0;0;0;80;0;0;1;EDIER;
431;2015-01;2015-01-01;506;506-00;BOLSA SEGURIDAD;BOLSA;0;0;0;0;134;0;0;1;EDIER;
432;2015-01;2015-01-01;507;507-00;BOLSA SEGURIDAD;BOLSA;0;0;0;0;92;0;0;1;EDIER;
433;2015-01;2015-01-01;508;508-00;PACKING LIST;BOLSA;0;0;0;0;29;0;0;1;EDIER;
434;2015-01;2015-01-01;513;513-00;BOLSA SEGURIDAD;BOLSA;4.352;0;0;4.352;148;643.101;0;1;EDIER;
435;2015-01;2015-01-01;514;514-00;BOLSA CURRIER;BOLSA;1.200;0;0;1.200;79;94.908;0;1;EDIER;
436;2015-01;2015-01-01;515;515-00;BOLSA CURRIER;BOLSA;4.622;0;0;4.622;66;306.967;0;1;EDIER;
437;2015-01;2015-01-01;516;516-00;BOLSA SEGURIDAD;BOLSA;12.600;0;0;12.600;269;3.387.099;0;1;EDIER;
438;2015-01;2015-01-01;519;519-00;BOLSA CURRIER;BOLSA;0;0;0;0;56;0;0;1;EDIER;
439;2015-01;2015-01-01;520;520-00;BOLSA CURRIER;BOLSA;0;0;0;0;87;0;0;1;EDIER;
440;2015-01;2015-01-01;521;521-00;BOLSA SEGURIDAD;BOLSA;0;0;0;0;36;0;0;1;EDIER;
441;2015-01;2015-01-01;522;522-00;BOLSA CURRIER;BOLSA;3.864;0;0;3.864;76;292.789;0;1;EDIER;
442;2015-01;2015-01-01;523;523-00;BOLSA SEGURIDAD;BOLSA;7.676;0;0;7.676;227;1.739.631;0;1;EDIER;
443;2015-01;2015-01-01;524;524-00;BOLSA SEGURIDAD;BOLSA;18.926;0;0;18.926;147;2.784.886;0;1;EDIER;
444;2015-01;2015-01-01;525;525-00;BOLSA SEGURIDAD;BOLSA;5.916;0;0;5.916;78;460.461;0;1;EDIER;
445;2015-01;2015-01-01;526;526-00;BOLSA SEGURIDAD;BOLSA;0;0;0;0;136;0;0;1;EDIER;
446;2015-01;2015-01-01;527;527-00;BOLSA SEGURIDAD;BOLSA;0;0;0;0;169;0;0;1;EDIER;
447;2015-01;2015-01-01;528;528-00;BOLSA SEGURIDAD;BOLSA;0;0;0;0;426;0;0;1;EDIER;
448;2015-01;2015-01-01;529;529-00;BOLSA SEGURIDAD;BOLSA;0;0;0;0;68;0;0;1;EDIER;
449;2015-01;2015-01-01;530;530-00;BOLSA SEGURIDAD;BOLSA;0;0;0;0;254;0;0;1;EDIER;
450;2015-01;2015-01-01;531;531-00;BOLSA SEGURIDAD;BOLSA;0;0;0;0;375;0;0;1;EDIER;
451;2015-01;2015-01-01;532;532-00;BOLSA CURRIER;BOLSA;0;0;0;0;83;0;0;1;EDIER;
452;2015-01;2015-01-01;533;533-00;BOLSA CURRIER;BOLSA;0;0;0;0;48;0;0;1;EDIER;
453;2015-01;2015-01-01;534;534-00;LAMINA;BOLSA;0;0;0;0;8;0;0;1;EDIER;
454;2015-01;2015-01-01;535;535-00;LAMINA;BOLSA;0;0;0;0;292;0;0;1;EDIER;
455;2015-01;2015-01-01;536;536-00;BOLSA PLASTICA;BOLSA;0;0;0;0;191;0;0;1;EDIER;
456;2015-01;2015-01-01;537;537-00;BOLSA PLASTICA;BOLSA;0;10.574;10.574;0;182;0;0;1;EDIER;
457;2015-01;2015-01-01;539;539-00;BOLSA CURRIER;BOLSA;0;0;0;0;148;0;0;1;EDIER;
458;2015-01;2015-01-01;540;540-00;BOLSA SEGURIDAD;BOLSA;1.450;0;0;1.450;375;543.302;0;1;EDIER;
459;2015-01;2015-01-01;541;541-00;BOLSA CURRIER;BOLSA;0;0;0;0;40;0;0;1;EDIER;
460;2015-01;2015-01-01;541;541-01;BOLSA CURRIER;BOLSA;0;0;0;0;42;0;0;1;EDIER;
461;2015-01;2015-01-01;541;541-02;BOLSA CURRIER;BOLSA;0;475.300;252.800;222.500;42;9.279.349;0;1;EDIER;
462;2015-01;2015-01-01;542;542-00;BOLSA CURRIER;BOLSA;0;0;0;0;129;0;0;1;EDIER;
463;2015-01;2015-01-01;542;542-01;BOLSA CURRIER;BOLSA;0;0;0;0;133;0;0;1;EDIER;
464;2015-01;2015-01-01;542;542-02;BOLSA CURRIER;BOLSA;0;45.000;45.000;0;135;0;0;1;EDIER;
465;2015-01;2015-01-01;543;543-00;BOLSA PLASTICA;BOLSA;0;0;0;0;148;0;0;1;EDIER;
466;2015-01;2015-01-01;544;544-00;BOLSA SEGURIDAD;BOLSA;0;0;0;0;78;0;0;1;EDIER;
467;2015-01;2015-01-01;545;545-00;BOLSA CURRIER;BOLSA;0;0;0;0;35;0;0;1;EDIER;
468;2015-01;2015-01-01;550;550-00;BOLSA CURRIER;BOLSA;0;0;0;0;78;0;0;1;EDIER;
469;2015-01;2015-01-01;552;552-00;BOLSA CURRIER;BOLSA;15.462;0;0;15.462;72;1.117.242;0;1;EDIER;
470;2015-01;2015-01-01;554;554-00;BOLSA CURRIER;BOLSA;0;0;0;0;12;0;0;1;EDIER;
471;2015-01;2015-01-01;554;554-01;BOLSA CURRIER;BOLSA;0;102.700;100.000;2.700;11;29.923;0;1;EDIER;
472;2015-01;2015-01-01;555;555-00;BOLSA CURRIER;BOLSA;11.100;0;0;11.100;115;1.278.568;0;1;EDIER;
473;2015-01;2015-01-01;556;556-00;BOLSA PLASTICA;BOLSA;0;0;0;0;80;0;0;1;EDIER;
474;2015-01;2015-01-01;557;557-00;BOLSA SEGURIDAD;BOLSA;0;25.000;0;25.000;74;1.846.852;0;1;EDIER;
475;2015-01;2015-01-01;558;558-00;BOLSA CURRIER;BOLSA;0;0;0;0;49;0;0;1;EDIER;
476;2015-01;2015-01-01;559;559-00;BOLSA CURRIER;BOLSA;0;0;0;0;107;0;0;1;EDIER;
477;2015-01;2015-01-01;560;560-00;BOLSA CURRIER;BOLSA;1.788;0;1.788;0;45;0;0;1;EDIER;
478;2015-01;2015-01-01;561;561-00;BOLSA PLASTICA;BOLSA;0;0;0;0;88;0;0;1;EDIER;
479;2015-01;2015-01-01;563;563-00;BOLSA CURRIER;BOLSA;0;0;0;0;70;0;0;1;EDIER;
480;2015-01;2015-01-01;564;564-00;BOLSA CURRIER;BOLSA;0;0;0;0;77;0;0;1;EDIER;
481;2015-01;2015-01-01;565;565-00;BOLSA MONEDA;BOLSA;0;0;0;0;295;0;0;1;EDIER;
482;2015-01;2015-01-01;567;567-00;BOLSA SEGURIDAD;BOLSA;0;0;0;0;137;0;0;1;EDIER;
483;2015-01;2015-01-01;568;568-01;BOLSA SEGURIDAD;BOLSA;0;0;0;0;145;0;0;1;EDIER;
484;2015-01;2015-01-01;569;569-00;BOLSA SEGURIDAD;BOLSA;0;0;0;0;231;0;0;1;EDIER;
485;2015-01;2015-01-01;570;570-00;BOLSA SEGURIDAD;BOLSA;0;0;0;0;548;0;0;1;EDIER;
486;2015-01;2015-01-01;571;571-00;BOLSA SEGURIDAD;BOLSA;0;0;0;0;124;0;0;1;EDIER;
487;2015-01;2015-01-01;574;574-00;BOLSA CURRIER;BOLSA;0;157.600;45.000;112.600;18;2.032.085;0;1;EDIER;
488;2015-01;2015-01-01;575;575-00;BOLSA SEGURIDAD;BOLSA;0;0;0;0;42;0;0;1;EDIER;
489;2015-01;2015-01-01;581;581-00;BOLSA SEGURIDAD;BOLSA;0;0;0;0;151;0;0;1;EDIER;
490;2015-01;2015-01-01;582;582-00;BOLSA SEGURIDAD;BOLSA;0;0;0;0;280;0;0;1;EDIER;
491;2015-01;2015-01-01;583;583-00;BOLSA SEGURIDAD;BOLSA;0;0;0;0;205;0;0;1;EDIER;
492;2015-01;2015-01-01;584;584-00;BOLSA CURRIER;BOLSA;0;0;0;0;32;0;0;1;EDIER;
493;2015-01;2015-01-01;584;584-01;BOLSA CURRIER;BOLSA;72;0;0;72;34;2.420;0;1;EDIER;
494;2015-01;2015-01-01;585;585-00;BOLSA SEGURIDAD;BOLSA;0;0;0;0;262;0;0;1;EDIER;
495;2015-01;2015-01-01;586;586-00;BOLSA PLASTICA;BOLSA;0;0;0;0;81;0;0;1;EDIER;
496;2015-01;2015-01-01;587;587-00;BOLSA SEGURIDAD;BOLSA;0;0;0;0;158;0;0;1;EDIER;
497;2015-01;2015-01-01;588;588-00;BOLSA SEGURIDAD;BOLSA;0;0;0;0;56;0;0;1;EDIER;
498;2015-01;2015-01-01;590;590-00;BOLSA PLASTICA;BOLSA;0;0;0;0;57;0;0;1;EDIER;
499;2015-01;2015-01-01;591;591-00;BOLSA CURRIER;BOLSA;0;0;0;0;76;0;0;1;EDIER;
500;2015-01;2015-01-01;592;592-00;BOLSA SEGURIDAD;BOLSA;300;0;0;300;120;35.985;0;1;EDIER;
501;2015-01;2015-01-01;593;593-00;BOLSA CURRIER;BOLSA;0;20.300;20.300;0;39;0;0;1;EDIER;
502;2015-01;2015-01-01;594;594-00;BOLSA SEGURIDAD;BOLSA;6.500;0;0;6.500;63;409.189;0;1;EDIER;
503;2015-01;2015-01-01;595;595-00;PACKING LIST;BOLSA;0;0;0;0;22;0;0;1;EDIER;
504;2015-01;2015-01-01;596;596-00;BOLSA CURRIER;BOLSA;3.900;0;0;3.900;83;321.910;0;1;EDIER;
505;2015-01;2015-01-01;597;597-00;BOLSA SEGURIDAD;BOLSA;2.000;0;0;2.000;342;684.314;0;1;EDIER;
506;2015-01;2015-01-01;598;598-00;BOLSA SEGURIDAD;BOLSA;0;0;0;0;390;0;0;1;EDIER;
507;2015-01;2015-01-01;599;599-00;BOLSA CURRIER;BOLSA;3.000;0;0;3.000;18;54.059;0;1;EDIER;
508;2015-01;2015-01-01;600;600-00;BOLSA CURRIER;BOLSA;1.900;0;0;1.900;91;172.661;0;1;EDIER;
509;2015-01;2015-01-01;601;601-00;BOLSA CURRIER;BOLSA;0;0;0;0;122;0;0;1;EDIER;
510;2015-01;2015-01-01;602;602-00;BOLSA CURRIER;BOLSA;2.900;0;0;2.900;119;345.838;0;1;EDIER;
511;2015-01;2015-01-01;603;603-00;BOLSA CURRIER;BOLSA;43.700;0;20.000;23.700;15;346.541;0;1;EDIER;
512;2015-01;2015-01-01;603;603-01;BOLSA CURRIER;BOLSA;0;0;0;0;15;0;0;1;EDIER;
513;2015-01;2015-01-01;604;604-00;BOLSA CURRIER;BOLSA;0;0;0;0;59;0;0;1;EDIER;
514;2015-01;2015-01-01;605;605-00;BOLSA CURRIER;BOLSA;0;0;0;0;143;0;0;1;EDIER;
515;2015-01;2015-01-01;606;606-00;BOLSA CURRIER;BOLSA;38.300;0;38.300;0;11;0;0;1;EDIER;
516;2015-01;2015-01-01;607;607-00;BOLSA CURRIER;BOLSA;8.000;0;7.200;800;410;327.886;0;1;EDIER;
517;2015-01;2015-01-01;608;608-00;BOLSA SEGURIDAD;BOLSA;0;0;0;0;44;0;0;1;EDIER;
518;2015-01;2015-01-01;609;609-00;BOLSA CURRIER;BOLSA;0;0;0;0;124;0;0;1;EDIER;
519;2015-01;2015-01-01;610;610-00;BOLSA CURRIER;BOLSA;0;0;0;0;110;0;0;1;EDIER;
520;2015-01;2015-01-01;611;611-00;BOLSA CURRIER;BOLSA;0;0;0;0;79;0;0;1;EDIER;
521;2015-01;2015-01-01;612;612-00;BOLSA CURRIER;BOLSA;3.900;0;0;3.900;13;50.200;0;1;EDIER;
522;2015-01;2015-01-01;613;613-00;BOLSA CURRIER;BOLSA;0;0;0;0;104;0;0;1;EDIER;
523;2015-01;2015-01-01;614;614-00;BOLSA CURRIER;BOLSA;6.233;0;6.233;0;179;0;0;1;EDIER;
524;2015-01;2015-01-01;615;615-00;BOLSA CURRIER;BOLSA;3.650;0;0;3.650;26;96.004;0;1;EDIER;
525;2015-01;2015-01-01;616;616-00;BOLSA SEGURIDAD;BOLSA;0;0;0;0;190;0;0;1;EDIER;
526;2015-01;2015-01-01;616;616-01;BOLSA SEGURIDAD;BOLSA;363;0;0;363;191;69.201;0;1;EDIER;
527;2015-01;2015-01-01;617;617-00;BOLSA CURRIER;BOLSA;0;0;0;0;70;0;0;1;EDIER;
528;2015-01;2015-01-01;618;618-00;BOLSA CURRIER;BOLSA;0;7.267;7.267;0;102;0;0;1;EDIER;
529;2015-01;2015-01-01;619;619-00;BOLSA CURRIER;BOLSA;0;0;0;0;124;0;0;1;EDIER;
530;2015-01;2015-01-01;620;620-00;BOLSA CURRIER;BOLSA;0;0;0;0;38;0;0;1;EDIER;
531;2015-01;2015-01-01;621;621-00;BOLSA SEGURIDAD;BOLSA;0;0;0;0;74;0;0;1;EDIER;
532;2015-01;2015-01-01;622;622-00;BOLSA CURRIER;BOLSA;0;0;0;0;112;0;0;1;EDIER;
533;2015-01;2015-01-01;623;623-00;BOLSA CURRIER;BOLSA;0;0;0;0;21;0;0;1;EDIER;
534;2015-01;2015-01-01;624;624-00;BOLSA CURRIER;BOLSA;0;90.000;0;90.000;60;5.390.943;0;1;EDIER;
535;2015-01;2015-01-01;625;625-00;BOLSA SEGURIDAD;BOLSA;0;0;0;0;288;0;0;1;EDIER;
536;2015-01;2015-01-01;626;626-00;BOLSA PLASTICA;BOLSA;0;0;0;0;75;0;0;1;EDIER;
537;2015-01;2015-01-01;627;627-00;BOLSA PLASTICA;BOLSA;0;0;0;0;68;0;0;1;EDIER;
538;2015-01;2015-01-01;629;629-00;BOLSA CURRIER;BOLSA;900;0;900;0;77;0;0;1;EDIER;
539;2015-01;2015-01-01;631;631-00;BOLSA CURRIER;BOLSA;0;0;0;0;51;0;0;1;EDIER;
540;2015-01;2015-01-01;631;631-01;BOLSA CURRIER;BOLSA;0;0;0;0;51;0;0;1;EDIER;
541;2015-01;2015-01-01;632;632-00;BOLSA CURRIER;BOLSA;0;0;0;0;72;0;0;1;EDIER;
542;2015-01;2015-01-01;632;632-01;BOLSA CURRIER;BOLSA;0;21.500;21.500;0;71;0;0;1;EDIER;
543;2015-01;2015-01-01;635;635-00;BOLSA SEGURIDAD;BOLSA;0;0;0;0;106;0;0;1;EDIER;
544;2015-01;2015-01-01;635;635-01;BOLSA SEGURIDAD;BOLSA;0;0;0;0;106;0;0;1;EDIER;
545;2015-01;2015-01-01;635;635-02;BOLSA SEGURIDAD;BOLSA;0;0;0;0;105;0;0;1;EDIER;
546;2015-01;2015-01-01;636;636-00;BOLSA SEGURIDAD;BOLSA;0;0;0;0;260;0;0;1;EDIER;
547;2015-01;2015-01-01;636;636-01;BOLSA SEGURIDAD;BOLSA;0;0;0;0;256;0;0;1;EDIER;
548;2015-01;2015-01-01;637;637-00;BOLSA SEGURIDAD;BOLSA;0;0;0;0;409;0;0;1;EDIER;
549;2015-01;2015-01-01;640;640-00;BOLSA CURRIER;BOLSA;4.500;0;0;4.500;150;674.672;0;1;EDIER;
550;2015-01;2015-01-01;641;641-00;BOLSA CURRIER;BOLSA;0;0;0;0;151;0;0;1;EDIER;
551;2015-01;2015-01-01;642;642-00;BOLSA CURRIER;BOLSA;0;0;0;0;192;0;0;1;EDIER;
552;2015-01;2015-01-01;643;643-00;BOLSA CURRIER;BOLSA;0;0;0;0;100;0;0;1;EDIER;
553;2015-01;2015-01-01;644;644-00;BOLSA CURRIER;BOLSA;0;0;0;0;141;0;0;1;EDIER;
554;2015-01;2015-01-01;645;645-00;BOLSA CURRIER;BOLSA;0;0;0;0;68;0;0;1;EDIER;
555;2015-01;2015-01-01;646;646-00;BOLSA CURRIER;BOLSA;40.200;0;0;40.200;39;1.584.022;0;1;EDIER;
556;2015-01;2015-01-01;647;647-00;BOLSA CURRIER;BOLSA;36.100;238.800;144.000;130.900;15;2.000.709;0;1;EDIER;
557;2015-01;2015-01-01;648;648-00;BOLSA CURRIER;BOLSA;0;0;0;0;264;0;0;1;EDIER;
558;2015-01;2015-01-01;650;650-00;BOLSA SEGURIDAD;BOLSA;0;0;0;0;124;0;0;1;EDIER;
559;2015-01;2015-01-01;651;651-00;BOLSA CURRIER;BOLSA;0;0;0;0;51;0;0;1;EDIER;
560;2015-01;2015-01-01;652;652-00;BOLSA PLASTICA;BOLSA;0;0;0;0;76;0;0;1;EDIER;
561;2015-01;2015-01-01;654;654-00;BOLSA CURRIER;BOLSA;900;0;0;900;31;27.686;0;1;EDIER;
562;2015-01;2015-01-01;655;655-00;BOLSA CURRIER;BOLSA;0;0;0;0;109;0;0;1;EDIER;
563;2015-01;2015-01-01;656;656-00;BOLSA PLASTICA;BOLSA;0;0;0;0;19;0;0;1;EDIER;
564;2015-01;2015-01-01;657;657-00;BOLSA CURRIER;BOLSA;0;0;0;0;66;0;0;1;EDIER;
565;2015-01;2015-01-01;658;658-00;BOLSA SEGURIDAD;BOLSA;0;0;0;0;223;0;0;1;EDIER;
566;2015-01;2015-01-01;659;659-00;BOLSA SEGURIDAD;BOLSA;0;0;0;0;32;0;0;1;EDIER;
567;2015-01;2015-01-01;662;662-00;LAMINA;BOLSA;0;0;0;0;5;0;0;1;EDIER;
568;2015-01;2015-01-01;663;663-00;BOLSA CURRIER;BOLSA;7.400;0;0;7.400;59;439.677;0;1;EDIER;
569;2015-01;2015-01-01;664;664-00;BOLSA CURRIER;BOLSA;0;0;0;0;155;0;0;1;EDIER;
570;2015-01;2015-01-01;665;665-00;BOLSA SEGURIDAD;BOLSA;0;0;0;0;301;0;0;1;EDIER;
571;2015-01;2015-01-01;666;666-00;BOLSA PLASTICA;BOLSA;0;0;0;0;146;0;0;1;EDIER;
572;2015-01;2015-01-01;667;667-00;BOLSA CURRIER;BOLSA;0;0;0;0;125;0;0;1;EDIER;
573;2015-01;2015-01-01;668;668-00;BOLSA CURRIER;BOLSA;0;0;0;0;72;0;0;1;EDIER;
574;2015-01;2015-01-01;669;669-00;BOLSA CURRIER;BOLSA;0;0;0;0;57;0;0;1;EDIER;
575;2015-01;2015-01-01;670;670-00;BOLSA CURRIER;BOLSA;0;0;0;0;33;0;0;1;EDIER;
576;2015-01;2015-01-01;674;674-00;BOLSA SEGURIDAD;BOLSA;0;0;0;0;71;0;0;1;EDIER;
577;2015-01;2015-01-01;675;675-00;BOLSA CURRIER;BOLSA;0;59.300;0;59.300;54;3.184.820;0;1;EDIER;
578;2015-01;2015-01-01;676;676-00;BOLSA CURRIER;BOLSA;9.000;0;0;9.000;158;1.425.994;0;1;EDIER;
579;2015-01;2015-01-01;677;677-00;BOLSA CURRIER;BOLSA;10.400;0;0;10.400;81;846.968;0;1;EDIER;
580;2015-01;2015-01-01;678;678-00;BOLSA CURRIER;BOLSA;0;0;0;0;35;0;0;1;EDIER;
581;2015-01;2015-01-01;679;679-00;BOLSA SEGURIDAD;BOLSA;0;0;0;0;225;0;0;1;EDIER;
582;2015-01;2015-01-01;679;679-01;BOLSA SEGURIDAD;BOLSA;0;0;0;0;221;0;0;1;EDIER;
583;2015-01;2015-01-01;679;679-02;BOLSA SEGURIDAD;BOLSA;0;0;0;0;221;0;0;1;EDIER;
584;2015-01;2015-01-01;680;680-00;BOLSA SEGURIDAD;BOLSA;0;0;0;0;211;0;0;1;EDIER;
585;2015-01;2015-01-01;681;681-00;BOLSA SEGURIDAD;BOLSA;0;0;0;0;131;0;0;1;EDIER;
586;2015-01;2015-01-01;682;682-00;BOLSA CURRIER;BOLSA;0;0;0;0;78;0;0;1;EDIER;
587;2015-01;2015-01-01;683;683-00;PACKING LIST;BOLSA;3.300;0;0;3.300;35;114.428;0;1;EDIER;
588;2015-01;2015-01-01;684;684-00;BOLSA CURRIER;BOLSA;0;0;0;0;30;0;0;1;EDIER;
589;2015-01;2015-01-01;685;685-00;BOLSA CURRIER;BOLSA;18.650;0;8.700;9.950;28;281.259;0;1;EDIER;
590;2015-01;2015-01-01;686;686-00;BOLSA CURRIER;BOLSA;9.100;16.700;700;25.100;38;945.385;0;1;EDIER;
591;2015-01;2015-01-01;687;687-00;BOLSA CURRIER;BOLSA;6.150;15.800;1.400;20.550;47;955.629;0;1;EDIER;
592;2015-01;2015-01-01;688;688-00;BOLSA CURRIER;BOLSA;14.050;16.500;1.000;29.550;75;2.208.237;0;1;EDIER;
593;2015-01;2015-01-01;689;689-00;BOLSA SEGURIDAD;BOLSA;0;0;0;0;169;0;0;1;EDIER;
594;2015-01;2015-01-01;690;690-00;BOLSA SEGURIDAD;BOLSA;0;0;0;0;309;0;0;1;EDIER;
595;2015-01;2015-01-01;691;691-00;BOLSA PLASTICA;BOLSA;2.100;0;0;2.100;57;118.837;0;1;EDIER;
596;2015-01;2015-01-01;692;692-00;BOLSA SEGURIDAD;BOLSA;0;0;0;0;141;0;0;1;EDIER;
597;2015-01;2015-01-01;693;693-00;BOLSA PLASTICA;BOLSA;0;0;0;0;272;0;0;1;EDIER;
598;2015-01;2015-01-01;694;694-00;BOLSA PLASTICA;BOLSA;0;0;0;0;96;0;0;1;EDIER;
599;2015-01;2015-01-01;695;695-00;BOLSA PLASTICA;BOLSA;0;0;0;0;157;0;0;1;EDIER;
600;2015-01;2015-01-01;696;696-00;BOLSA PLASTICA;BOLSA;2.200;0;0;2.200;79;174.302;0;1;EDIER;
601;2015-01;2015-01-01;697;697-00;PACKING LIST;BOLSA;41.961;0;61;41.900;21;865.740;0;1;EDIER;
602;2015-01;2015-01-01;698;698-00;BOLSA PLASTICA;BOLSA;0;0;0;0;34;0;0;1;EDIER;
603;2015-01;2015-01-01;699;699-00;BOLSA SEGURIDAD;BOLSA;350;0;0;350;328;114.965;0;1;EDIER;
604;2015-01;2015-01-01;700;700-00;BOLSA PLASTICA;BOLSA;36.680;0;0;36.680;19;685.369;0;1;EDIER;
605;2015-01;2015-01-01;701;701-00;LAMINA;BOLSA;0;0;0;0;86;0;0;1;EDIER;
606;2015-01;2015-01-01;702;702-00;BOLSA PLASTICA;BOLSA;0;0;0;0;79;0;0;1;EDIER;
607;2015-01;2015-01-01;703;703-00;PACKING LIST;BOLSA;20.000;0;20.000;0;21;0;0;1;EDIER;
608;2015-01;2015-01-01;704;704-00;BOLSA PLASTICA;BOLSA;0;0;0;0;65;0;0;1;EDIER;
609;2015-01;2015-01-01;705;705-00;BOLSA PLASTICA;BOLSA;0;0;0;0;359;0;0;1;EDIER;
610;2015-01;2015-01-01;706;706-00;BOLSA SEGURIDAD;BOLSA;0;17.920;17.920;0;281;0;0;1;EDIER;
611;2015-01;2015-01-01;707;707-00;BOLSA SEGURIDAD;BOLSA;0;19.889;19.889;0;159;0;0;1;EDIER;
612;2015-01;2015-01-01;708;708-00;BOLSA SEGURIDAD;BOLSA;0;20.000;20.000;0;229;0;0;1;EDIER;
613;2015-01;2015-01-01;709;709-00;BOLSA SEGURIDAD;BOLSA;0;17.160;17.160;0;494;0;0;1;EDIER;
614;2015-01;2015-01-01;710;710-00;BOLSA PLASTICA;BOLSA;8.250;0;0;8.250;427;3.524.065;0;1;EDIER;
615;2015-01;2015-01-01;711;711-00;BOLSA PLASTICA;BOLSA;8.900;0;0;8.900;467;4.154.442;0;1;EDIER;
616;2015-01;2015-01-01;712;712-00;BOLSA PLASTICA;BOLSA;4.200;0;4.200;0;97;0;0;1;EDIER;
617;2015-01;2015-01-01;713;713-00;BOLSA PLASTICA;BOLSA;0;0;0;0;118;0;0;1;EDIER;
618;2015-01;2015-01-01;714;714-00;BOLSA PLASTICA;BOLSA;0;12.800;12.800;0;243;0;0;1;EDIER;
619;2015-01;2015-01-01;715;715-00;BOLSA PLASTICA;BOLSA;0;36.600;0;36.600;120;4.393.548;0;1;EDIER;
620;2015-01;2015-01-01;716;716-00;BOLSA PLASTICA;BOLSA;0;0;0;0;78;0;0;1;EDIER;
621;2015-01;2015-01-01;720;720-00;BOLSA PLASTICA;BOLSA;0;0;0;0;387;0;0;1;EDIER;
622;2015-01;2015-01-01;721;721-00;BOLSA PLASTICA;BOLSA;0;0;0;0;389;0;0;1;EDIER;
623;2015-01;2015-01-01;;7;ROLLO CINTA TFE F.V. ADHESIVA 1/2;KILO;0;0;0;0;45.000;0;0;2;EDIER;
624;2015-01;2015-01-01;;9;TELA TEFLON F.V. ADHESIVA 3/4 X 25 MTS;ROLLO;14;0;8;6;46.000;276.000;0;2;EDIER;
625;2015-01;2015-01-01;;11;A-METOXIPROPANOL 179122 SOLVENTE KA911739 16 KG;KILO;0;0;0;0;5.600;0;0;2;EDIER;
626;2015-01;2015-01-01;;28;SOLDADOR 300W;UNIDAD;0;0;0;0;0;0;0;2;EDIER;
627;2015-01;2015-01-01;;33;CINTA DE EMPAQUE IMPRESA 48MM X 100;ROLLO;232;0;79;153;3.000;459.000;0;2;EDIER;
628;2015-01;2015-01-01;;34;CINTA DE EMPAQUE TRANSPARENTE 19 MM;ROLLO;111;0;20;91;3.800;345.800;0;2;EDIER;
629;2015-01;2015-01-01;;40;TELA TEFLON F.V. ADHESIVA DE 0.010;METRO;17;0;0;17;153.200;2.635.040;0;2;EDIER;
630;2015-01;2015-01-01;;41;TELA TEFLON F.V. NO ADHESIVO DE 0.010;METRO;20;0;0;20;90.300;1.806.000;0;2;EDIER;
631;2015-01;2015-01-01;;43;LIQUIDO PENETRANTE;UNIDAD;0;0;0;0;9.900;0;0;2;EDIER;
632;2015-01;2015-01-01;;53;ACEITE SHELL OMALA 220 1/5;UNIDAD;0;0;0;0;144.370;0;0;2;EDIER;
633;2015-01;2015-01-01;;76;LIMPIADOR BOTELLA X 1000 CC  L-200;UNIDAD;0;10;0;10;27.300;273.000;0;2;EDIER;
634;2015-01;2015-01-01;;78;SILICONA PARA DESMOLDAR X GALON;UNIDAD;0;0;0;0;48.800;0;0;2;EDIER;
635;2015-01;2015-01-01;;84;PELICULA STRECH 30 CM;ROLLO;24;24;19;29;17.429;505.441;0;2;EDIER;
636;2015-01;2015-01-01;;119;POLIETILENO-641;KILO;0;0;0;0;3.290;0;0;2;EDIER;
637;2015-01;2015-01-01;;123;SINCEL DE  4 PULGADAS;UNIDAD;0;0;0;0;11.100;0;0;2;EDIER;
638;2015-01;2015-01-01;;124;SINCEL DE 6 PULGADAS;UNIDAD;0;0;0;0;12.360;0;0;2;EDIER;
639;2015-01;2015-01-01;;125;SINCEL DE 8 PULGADAS;UNIDAD;0;0;0;0;16.100;0;0;2;EDIER;
640;2015-01;2015-01-01;;142;POLIPROPILENO;KILO;0;0;0;0;3.299;0;0;2;EDIER;
641;2015-01;2015-01-01;;148;DISPENSADOR DE CINTA;UNIDAD;0;0;0;0;30.992;0;0;2;EDIER;
642;2015-01;2015-01-01;;167;ZUNCHOS IMPRESOS;UNIDAD;9;0;0;9;47.000;423.000;0;2;EDIER;
643;2015-01;2015-01-01;;173;TINTA RESERVORIO X 1200 CC;KILO;0;0;0;0;338.800;0;0;2;EDIER;
644;2015-01;2015-01-01;;198;CATALOGO PANTONE;UNIDAD;0;0;0;0;170.000;0;0;2;EDIER;
645;2015-01;2015-01-01;;216;SILICONA ROJA;UNIDAD;0;0;0;0;14.900;0;0;2;EDIER;
646;2015-01;2015-01-01;;239;EXTINTOR DE 15 LIBRAS DE CO2 BIOXIDO DE CARBONO;UNIDAD;0;0;0;0;598.000;0;0;2;EDIER;
647;2015-01;2015-01-01;;240;EXTINTOE SOLKAFLAM 123 DE 4.0 KGRS;UNIDAD;0;0;0;0;192.500;0;0;2;EDIER;
648;2015-01;2015-01-01;;241;EXTINTOR PQS DE 20 LIBRAS ABC MULTIPROPOSITO;UNIDAD;0;0;0;0;92.800;0;0;2;EDIER;
649;2015-01;2015-01-01;;242;EXTINTOR PQS DE 10 LIBRAS ABC MULTIPROPOSITO;UNIDAD;0;0;0;0;64.000;0;0;2;EDIER;
650;2015-01;2015-01-01;;243;ZUNCHO PLASTICO IMPRESO DE COLOR AZUL;UNIDAD;7;0;0;7;59.000;413.000;0;2;EDIER;
651;2015-01;2015-01-01;;244;GRAPAS PLASTICAS;PAQUETE;5;6;6;5;7.650;38.250;0;2;EDIER;
652;2015-01;2015-01-01;;246;ACEITE PENETRANTE CRC;KILO;52;0;34;18;14.877;267.786;0;2;EDIER;
653;2015-01;2015-01-01;;247;SILICONA LIQUIDA CRC;KILO;40;0;12;28;8.955;250.740;0;2;EDIER;
654;2015-01;2015-01-01;;275;SOLDADURA EXT EJE Y RECUPERACIN AJUSTE RODAMIENTO;KILO;0;0;0;0;85.000;0;0;2;EDIER;
655;2015-01;2015-01-01;;277;GRABACION Y CROMADO RODILLO ANILOX;KILO;0;0;0;0;1.206.000;0;0;2;EDIER;
656;2015-01;2015-01-01;;301;ROSCA INTERNA VASTAGO;UNIDAD;0;0;0;0;165.033;0;0;2;EDIER;
657;2015-01;2015-01-01;;324;CINTA DE ENMASCARAR 24 MM;ROLLO;13;0;5;8;2.490;19.920;0;2;EDIER;
658;2015-01;2015-01-01;;337;CINTA ADHESIVA DE SEGURIDAD SK-2001.3;METRO;0;0;0;0;224;0;0;2;EDIER;
659;2015-01;2015-01-01;;392;GUANTES DE LATEX;UNIDAD;0;0;0;0;12.500;0;0;2;EDIER;
660;2015-01;2015-01-01;;432;HOT MELT;KILO;1.502;0;393;1.109;24.238;26.889.637;0;2;EDIER;
661;2015-01;2015-01-01;;452;SILENCIADOR C/RU -M5;UNIDAD;0;0;0;0;9.737;0;0;2;EDIER;
662;2015-01;2015-01-01;;460;ROLLOS DE CINTA SUPER 33;UNIDAD;0;0;0;0;8.744;0;0;2;EDIER;
663;2015-01;2015-01-01;;842;SISTEMA AUTOMATICO DE APLICACION HOT MELT;UNIDAD;0;0;0;0;13.933;0;0;2;EDIER;
664;2015-01;2015-01-01;;557;SOLDADURA Y ALESADO DE SOPORTE;KILO;0;0;0;0;90.000;0;0;2;EDIER;
665;2015-01;2015-01-01;;568;SILICABLE CNVS;KILO;0;0;0;0;9.100;0;0;2;EDIER;
666;2015-01;2015-01-01;;569;SILICABLE CNVS 14AWG;KILO;0;0;0;0;8.000;0;0;2;EDIER;
667;2015-01;2015-01-01;;1316;AZUL T-LUNARFILM 72487-001700 17 KG;KILO;0;0;0;0;15.850;0;0;2;EDIER;
668;2015-01;2015-01-01;;1317;AZUL T-LUNARFILM PROCESS 72412-001700;KILO;0;0;0;0;14.850;0;0;2;EDIER;
669;2015-01;2015-01-01;;577;KIT CODIFICADOR DE PULSO;UNIDAD;0;0;0;0;1.473.000;0;0;2;EDIER;
670;2015-01;2015-01-01;;1332;MAGENTA T-LUNARFILM PROCESS 72318-001700;KILO;0;0;0;0;11.750;0;0;2;EDIER;
671;2015-01;2015-01-01;;1333;MAGENTA T-POLYFLEX PROCESS 08380-001700;KILO;0;0;0;0;9.695;0;0;2;EDIER;
672;2015-01;2015-01-01;;1334;VERDE T-LUNARFILM  PANTONE 356C 72611-001700 ;KILO;0;0;0;0;13.300;0;0;2;EDIER;
673;2015-01;2015-01-01;;1335;T-POLYFLEX VERDE PANTONE 376C 086G000 17 KG;KILO;0;0;0;0;7.550;0;0;2;EDIER;
674;2015-01;2015-01-01;;1336;SEPIA T-LUNARFILM PANTONE 1817C 72014-001700;KILO;0;0;0;0;11.350;0;0;2;EDIER;
675;2015-01;2015-01-01;;1337;SEPIA T-LUNARFILM  72017-001700;KILO;0;0;0;0;12.300;0;0;2;EDIER;
676;2015-01;2015-01-01;;1338;GRIS T-LUNARFILM  727K002;KILO;0;0;0;0;12.100;0;0;2;EDIER;
677;2015-01;2015-01-01;;1339;DORADO T-LUNARFILM  721Y009 17 KG;KILO;0;0;0;0;15.950;0;0;2;EDIER;
678;2015-01;2015-01-01;;1340;ORO T-TINTUFLEX  PANTONE 872C 621Y001 17 KG;KILO;0;0;0;0;15.474;0;0;2;EDIER;
679;2015-01;2015-01-01;;1341;GRIS T-POLYFLEX 087K005 17 KG (AVIANCA);KILO;0;0;0;0;9.800;0;0;2;EDIER;
680;2015-01;2015-01-01;;1343;CINTA DE SEGURIDAD ;METRO;730.000;0;311.250;418.750;224;93.800.000;0;2;EDIER;
681;2015-01;2015-01-01;;835;ROLLO CINTA NEGRA SERIE T2A 55 X;ROLLO;0;0;0;0;35;0;0;2;EDIER;
682;2015-01;2015-01-01;;740;VIGAS LAMINA CAL 14;UNIDAD;0;0;0;0;98.800;0;0;2;EDIER;
683;2015-01;2015-01-01;;1319;AZUL  T-LUNARFILM PROCESS 72476-001700;KILO;0;0;0;0;14.760;0;0;2;EDIER;
684;2015-01;2015-01-01;;757;SILENCIADOR C/RU -1/8;UNIDAD;0;0;0;0;14.760;0;0;2;EDIER;
685;2015-01;2015-01-01;;769;ADHESIVO INSTANTANEO;KILO;0;0;0;0;16.600;0;0;2;EDIER;
686;2015-01;2015-01-01;;777;SILENCIADORES O FILTROS PARA VALVULAS 1/4;UNIDAD;0;0;0;0;17.400;0;0;2;EDIER;
687;2015-01;2015-01-01;;787;TINTA CARTUCHO POR 825 CC;KILO;0;0;0;0;217.500;0;0;2;EDIER;
688;2015-01;2015-01-01;;788;MEZCLADOR CARTUCHO X 825 CC;KILO;0;18;0;18;52.400;943.200;0;2;EDIER;
689;2015-01;2015-01-01;;819;METALOCENO SIN ADITIVOS;KILO;0;0;0;0;3.880;0;0;2;EDIER;
690;2015-01;2015-01-01;;828;CINTA AUTOADHESIVA OPP LINER (2,0 ANCH X 300MTS);ROLLO;0;0;0;0;43;0;0;2;EDIER;
691;2015-01;2015-01-01;;849;FLEJE EN ACERO AL CARBONO DE ALTA DENSIDAD CON MIC;UNIDAD;0;0;0;0;300;0;0;2;EDIER;
692;2015-01;2015-01-01;;878;SILENCIADOR U -1/4;UNIDAD;0;0;0;0;18.540;0;0;2;EDIER;
693;2015-01;2015-01-01;;897;"GUANTES EN CAUCHO NEGRO DE 12"" LT9";UNIDAD;0;0;0;0;4.000;0;0;2;EDIER;
694;2015-01;2015-01-01;;914;KIT CODIFICADOR DE PULSOS DOMINO;UNIDAD;0;0;0;0;1.772.018;0;0;2;EDIER;
695;2015-01;2015-01-01;;927;VEHICULO REDUCTOR;KILO;0;0;0;0;10.580;0;0;2;EDIER;
696;2015-01;2015-01-01;;958;CINTA DE ADHESIVA DE SEGURIDAD 30MM X 1000 MTS;ROLLO;0;0;0;0;29;0;0;2;EDIER;
697;2015-01;2015-01-01;;966;BLANCO NITROFLEX 25-080 GRIS BA;KILO;0;0;0;0;7.900;0;0;2;EDIER;
698;2015-01;2015-01-01;;974;NEGRO NITROFLEX 25-800 18 KG GRIS BA;KILO;0;0;0;0;11.400;0;0;2;EDIER;
699;2015-01;2015-01-01;;979;SISTEMA AUTOMATICO DE APLICACION DE ADHESIVO HOT M;UNIDAD;0;0;0;0;20.500;0;0;2;EDIER;
700;2015-01;2015-01-01;;1224;VARIOS (Insumos no Inventariables);UNIDAD;0;2;0;2;400.000;800.000;0;2;EDIER;
701;2015-01;2015-01-01;;984;MAGENTA PROCESS NITROFLEX 25-330 18 KG GRIS BA;KILO;0;0;0;0;10.900;0;0;2;EDIER;
702;2015-01;2015-01-01;;985;AZUL T-POLYFLEX  PANTONE 7684C 084B008;KILO;0;0;0;0;8.950;0;0;2;EDIER;
703;2015-01;2015-01-01;;988;VERDE ESMERALDA NITROFLEX 25-610 18 KG;KILO;0;0;0;0;11.900;0;0;2;EDIER;
704;2015-01;2015-01-01;;991;VERDE TINTAFLEX S GRANEL;KILO;0;0;0;0;15.800;0;0;2;EDIER;
705;2015-01;2015-01-01;;993;AZUL BASICO NITROFLEX 25-510 18 KG GRIS BA;KILO;0;0;0;0;16.400;0;0;2;EDIER;
706;2015-01;2015-01-01;;995;ROJO MEDIO NITROFLEX 25-390 18 KG GRIS BA;KILO;0;0;0;0;11.500;0;0;2;EDIER;
707;2015-01;2015-01-01;;996;NARANJA NITROFLEX 25-200 18 KG GRIS BA;KILO;0;0;0;0;13.400;0;0;2;EDIER;
708;2015-01;2015-01-01;;999;PELICULA STRECH 44 CM;ROLLO;0;0;0;0;21.840;0;0;2;EDIER;
709;2015-01;2015-01-01;;1000;ACETATO DE PROPILO;KILO;0;0;0;0;5.600;0;0;2;EDIER;
710;2015-01;2015-01-01;;1001;METOXIPROPANOL;KILO;0;0;0;0;5.600;0;0;2;EDIER;
711;2015-01;2015-01-01;;1006;GUANTE DYNEMA/NITIRLO;UNIDAD;0;0;0;0;22.670;0;0;2;EDIER;
712;2015-01;2015-01-01;;1017;BLANCO ACCESS MAX LA PLUS;KILO;0;0;0;0;8.100;0;0;2;EDIER;
713;2015-01;2015-01-01;;1023;HEAVY DUTY;KILO;0;0;0;0;3.601;0;0;2;EDIER;
714;2015-01;2015-01-01;;1025;POLIETILENO DE BAJA DENSIDAD-501-023;KILO;0;0;0;0;3.445;0;0;2;EDIER;
715;2015-01;2015-01-01;;1027;POLIETILENO DE BAJA DENSIDAD 345;KILO;0;0;0;0;3.678;0;0;2;EDIER;
716;2015-01;2015-01-01;;1031;BLANCO NITROFLEX 25-081 GRIS BA;KILO;0;0;0;0;7.900;0;0;2;EDIER;
717;2015-01;2015-01-01;;1032;CALIBRACION DE EQUIPOS;UNIDAD;0;0;0;0;0;0;0;2;EDIER;
718;2015-01;2015-01-01;;1320;AZUL T-LUNARFILM PROCESS 72476-001700 17;KILO;0;0;0;0;13.500;0;0;2;EDIER;
719;2015-01;2015-01-01;;1052;CAJA ESTANDAR 3 - 530X440X180 BC 1130K;CAJA;1.350;0;0;1.350;2.362;3.188.700;0;2;EDIER;
720;2015-01;2015-01-01;;1321;NEGRO T-POLYFLEX PANTONE COOL GRAY 11C 087K003;KILO;0;0;0;0;11.270;0;0;2;EDIER;
721;2015-01;2015-01-01;;1322;NARANJA T-POLYFLEX 08297-00160;KILO;0;0;0;0;12.300;0;0;2;EDIER;
722;2015-01;2015-01-01;;1323;NARANJA T-LUNARFILM 72213-001700;KILO;0;0;0;0;9.500;0;0;2;EDIER;
723;2015-01;2015-01-01;;1324;NARANJA T-TINTUFLEX 62297-001700;KILO;0;0;0;0;12.000;0;0;2;EDIER;
724;2015-01;2015-01-01;;1325;NARANJA T-TINTUFLEX  PANTONE 021C 62221-001700;KILO;0;0;0;0;13.650;0;0;2;EDIER;
725;2015-01;2015-01-01;;1077; RECYL CLEAN 2000;KILO;0;0;0;0;164.715;0;0;2;EDIER;
726;2015-01;2015-01-01;;1078;REACY CLEAN 2000;KILO;0;0;0;0;164.715;0;0;2;EDIER;
727;2015-01;2015-01-01;;1096;B. BARNIZ VEHICULO 62952;KILO;0;0;0;0;10.580;0;0;2;EDIER;
728;2015-01;2015-01-01;;1098;BLANCO LUNARFILM 72831;KILO;0;0;0;0;7.900;0;0;2;EDIER;
729;2015-01;2015-01-01;;1101;ROJO PANTONE 485C 72349;KILO;0;0;0;0;10.200;0;0;2;EDIER;
730;2015-01;2015-01-01;;1102;VIOLETA 08500;KILO;0;0;0;0;21.300;0;0;2;EDIER;
731;2015-01;2015-01-01;;1103;NEGRO T-LUNARFILM  72771-001700;KILO;0;0;0;0;10.882;0;0;2;EDIER;
732;2015-01;2015-01-01;;1104;AMARILLO PROCESS POLIFLEX. 08116;KILO;0;0;0;0;9.567;0;0;2;EDIER;
733;2015-01;2015-01-01;;1106;MAGENTA POLYFLEX P. 08380;KILO;0;0;0;0;10.500;0;0;2;EDIER;
734;2015-01;2015-01-01;;1108;NEGRO LUNARFILM 08742;KILO;0;0;0;0;9.650;0;0;2;EDIER;
735;2015-01;2015-01-01;;1109;BLANCO POLYFLEX 08816;KILO;0;0;0;0;8.177;0;0;2;EDIER;
736;2015-01;2015-01-01;;1111;ROJO 72316;KILO;0;0;0;0;13.500;0;0;2;EDIER;
737;2015-01;2015-01-01;;1112;ADITIVO SOLVENTE LENTO 53901;KILO;0;0;0;0;7.100;0;0;2;EDIER;
738;2015-01;2015-01-01;;1114;VERDE LUNARFILM 347C 72660;KILO;0;0;0;0;10.600;0;0;2;EDIER;
739;2015-01;2015-01-01;;1115;NARANJA LUNARFILM 72202;KILO;0;0;0;0;12.270;0;0;2;EDIER;
740;2015-01;2015-01-01;;1134;CINTA NUMERADORA;ROLLO;0;0;0;0;60.508;0;0;2;EDIER;
741;2015-01;2015-01-01;;1136;BOLSA DE EMPAQUE 8 X 12;BOLSA;24.000;10.000;18.400;15.600;7;104.052;0;2;EDIER;
742;2015-01;2015-01-01;;1137;BOLSA DE EMPAQUE 12 X 16;UNIDAD;6.900;10.000;9.400;7.500;15;112.500;0;2;EDIER;
743;2015-01;2015-01-01;;1138;BOLSA DE EMPAQUE 9 X 16;UNIDAD;36.000;0;11.200;24.800;12;285.200;0;2;EDIER;
744;2015-01;2015-01-01;;1312;AMARILLO T-LUNARFILM PROCESS 72110-001700 ;KILO;0;0;0;0;9.800;0;0;2;EDIER;
745;2015-01;2015-01-01;;1313;AZUL T-LUNARFILM PANTONE 320C 72467-001700;KILO;0;0;0;0;12.050;0;0;2;EDIER;
746;2015-01;2015-01-01;;1314; AZUL T-TINTUFLEX 62453-001700 17 KG;KILO;0;0;0;0;13.150;0;0;2;EDIER;
747;2015-01;2015-01-01;;1315;AZUL T-LUNARFILM  REFLEX 72442-001700;KILO;0;17;0;17;16.050;272.850;0;2;EDIER;
748;2015-01;2015-01-01;;1165;SILENCIADOR PLASTICO SPL 1/8;UNIDAD;0;0;0;0;9.630;0;0;2;EDIER;
749;2015-01;2015-01-01;;1172;BOLSA DE EMPAQUE 18 X 24;BOLSA;10.000;5.000;5.500;9.500;26;247.000;0;2;EDIER;
750;2015-01;2015-01-01;;1173;BOLSA DE EMPAQUE 12 X 22 ;UNIDAD;21.400;0;5.800;15.600;28;439.920;0;2;EDIER;
751;2015-01;2015-01-01;;1175;MASTERBATCH BLANCO;KILO;0;2.500;0;2.500;7.100;17.750.000;0;2;EDIER;
752;2015-01;2015-01-01;;1187;ROLLO CINTA TRANSFERENCIA TERMICA TTR55MM X 1000 M;ROLLO;0;0;0;0;577;0;0;2;EDIER;
753;2015-01;2015-01-01;;1326;ROJO T-LUNARFILM PANTONE 180C 72323-001700 17 KG;KILO;0;0;0;0;10.850;0;0;2;EDIER;
754;2015-01;2015-01-01;;1327;ROJO T-LUNARFILM  PANTONE 185C 72364-001700 ;KILO;0;0;0;0;11.650;0;0;2;EDIER;
755;2015-01;2015-01-01;;1417;ROJO T-LUNARFILM PANTONE 485C 72349-001700 17 KG;KILO;0;0;0;0;11.260;0;0;2;EDIER;
756;2015-01;2015-01-01;;1329;T-POLYFLEX ROJO PANTONE 8062C 083R012 17 KG;KILO;0;0;0;0;19.850;0;0;2;EDIER;
757;2015-01;2015-01-01;;1330;ROJO T-POLYFLEX PANTONE 185C 08385-001700 17 KG;KILO;0;0;0;0;13.800;0;0;2;EDIER;
758;2015-01;2015-01-01;;1331;VIOLETA  T-LUNARFILM ANTIALCALI 72505-001700;KILO;0;0;0;0;18.720;0;0;2;EDIER;
759;2015-01;2015-01-01;;1208;PELICULA STRETCH COLOR NEGRO;ROLLO;0;0;0;0;26.300;0;0;2;EDIER;
760;2015-01;2015-01-01;;1213;NEGRO PROCESS H5715-E001700;KILO;0;0;0;0;11.400;0;0;2;EDIER;
761;2015-01;2015-01-01;;1236;B-POLYFLEX VEHICULO REDUCTOR 08952-001600 16 KG;KILO;0;0;0;0;8.830;0;0;2;EDIER;
762;2015-01;2015-01-01;;1243;CINTA DE TRANSFERENCIA TERMICA;ROLLO;13;48;48;13;49.639;645.307;0;2;EDIER;
763;2015-01;2015-01-01;;1245;CAJA REGULAR AVIANCA GRANDE;CAJA;1.655;0;175;1.480;1.465;2.168.200;0;2;EDIER;
764;2015-01;2015-01-01;;1260;POLIETILENO 640;KILO;0;0;0;0;4.312;0;0;2;EDIER;
765;2015-01;2015-01-01;;1261;BLANCO ANTIGRASA 72831-002200;KILO;0;0;0;0;7.890;0;0;2;EDIER;
766;2015-01;2015-01-01;;1262;725-1NT;KILO;0;0;0;0;8.200;0;0;2;EDIER;
767;2015-01;2015-01-01;;1264;ROLLO PAPEL BOND TMU-220D 76MM*40MTS  ;ROLLO;0;0;0;0;775;0;0;2;EDIER;
768;2015-01;2015-01-01;;1265;CINTA TMU-220D/ERC-38B EPSON;ROLLO;61;0;47;14;10.000;140.000;0;2;EDIER;
769;2015-01;2015-01-01;;1266;WIPERS WYPALL X-80 ROLLO DE 80 HOJAS 42X28CM REF: ;ROLLO;0;0;0;0;23.301;0;0;2;EDIER;
770;2015-01;2015-01-01;;1268;CAJA REGULAR AVIANCA PEQUEA 37 X 24,6 X 16,5;CAJA;1.210;0;110;1.100;1.121;1.233.100;0;2;EDIER;
771;2015-01;2015-01-01;;1269;CINTA TRANSPARENTE 305 DE 48 MM X 100 MT     ;ROLLO;0;36;0;36;2.400;86.400;0;2;EDIER;
772;2015-01;2015-01-01;;1271;SILICONA SEALCO ROJA X 300 ML     ;KILO;0;0;0;0;14.900;0;0;2;EDIER;
773;2015-01;2015-01-01;;1272;GAFAS 3M VIRTUA PLUS 11559;UNIDAD;0;0;0;0;11.748;0;0;2;EDIER;
774;2015-01;2015-01-01;;1278;POLIETILENO LM 1515-HH;KILO;0;0;0;0;3.477;0;0;2;EDIER;
775;2015-01;2015-01-01;;1279;ADHESIVO FS30 X 20 GR;KILO;0;0;0;0;11.620;0;0;2;EDIER;
776;2015-01;2015-01-01;;1318;AZUL T-DELTA 90 PROCESS 90440-001700;KILO;0;0;0;0;11.550;0;0;2;EDIER;
777;2015-01;2015-01-01;;1285;ADITIVO PARA TINTA HITACHISERIE TH-18U;KILO;0;9;0;9;48.418;435.762;0;2;EDIER;
778;2015-01;2015-01-01;;1286;CINTA TRANSPARENTE 24MM X 100;ROLLO;0;0;0;0;1.190;0;0;2;EDIER;
779;2015-01;2015-01-01;;1288;GAFA SPLASH GOGGLEGEAR CLARO REF: 16-644          ;UNIDAD;0;0;0;0;20.132;0;0;2;EDIER;
780;2015-01;2015-01-01;;1398;CINTA DE TRANSFERENCIA TERMICA TTR55MM X 9;ROLLO;58;0;10;48;41.069;1.971.312;0;2;EDIER;
781;2015-01;2015-01-01;;1293;OXOBIODEGRADABLE EPI DCP 136;KILO;0;0;0;0;17.900;0;0;2;EDIER;
782;2015-01;2015-01-01;;1294;ROJO POLY PANTONE 485C 08318-001700;KILO;0;0;0;0;10.200;0;0;2;EDIER;
783;2015-01;2015-01-01;;1296;AZULT POLYFLEX  084B010;KILO;0;0;0;0;10.260;0;0;2;EDIER;
784;2015-01;2015-01-01;;1297;AMARILLO PANTONE 116C TINTIFLEX 62114-001700;KILO;0;0;0;0;10.890;0;0;2;EDIER;
785;2015-01;2015-01-01;;1298;ROJO LUNARFILM PANTONE 7421C 723R019 17 KG;KILO;0;0;0;0;13.060;0;0;2;EDIER;
786;2015-01;2015-01-01;;1299;AZUL PROCESS POLYFLEZ 08416-001700 ;KILO;0;0;0;0;9.650;0;0;2;EDIER;
787;2015-01;2015-01-01;;1300;ROJO RODAMINA POLY 08309-001700;KILO;0;0;0;0;19.950;0;0;2;EDIER;
788;2015-01;2015-01-01;;1301;AMARILLO LUNARFILM  72123-001700 ;KILO;0;0;0;0;10.290;0;0;2;EDIER;
789;2015-01;2015-01-01;;1302;GRIS POLYFLEX PANTONE 7547C 087K004 ;KILO;0;0;0;0;13.150;0;0;2;EDIER;
790;2015-01;2015-01-01;;1418;GRIS PANTONE T-POLYFLEX  7547C 087K004 ;KILO;0;0;0;0;13.150;0;0;2;EDIER;
791;2015-01;2015-01-01;;1306;AMARILLO T-TINTUFLEX PANTONE 012C 62146-001700 17 ;KILO;0;0;0;0;10.600;0;0;2;EDIER;
792;2015-01;2015-01-01;;1307;AZUL T-LUNARFILM 72495-001700 17 KG;KILO;0;0;0;0;18.650;0;0;2;EDIER;
793;2015-01;2015-01-01;;1308;NEGRO T-DISPERSION  56774-001700 17 KG;KILO;0;0;0;0;11.000;0;0;2;EDIER;
794;2015-01;2015-01-01;;1309; CINTA SOFTPRINT 52821 TESA 460MMX25M;ROLLO;0;3;0;3;700.072;2.100.216;0;2;EDIER;
795;2015-01;2015-01-01;;1310; CINTA SOFTPRINT 52825 TESA 460MMX25M;ROLLO;0;0;0;0;735.000;0;0;2;EDIER;
796;2015-01;2015-01-01;;1344;ETIQUETA ADHESIVA 0X0 10.0X8.0 CM. PAPEL TT-P ROLL;ROLLO;4.500;0;2.500;2.000;16;32.000;0;2;EDIER;
797;2015-01;2015-01-01;;1345;TELA TEFLON F.V.  ADHESIVA DE 0.005;METRO;23;0;12;11;82.500;907.500;0;2;EDIER;
798;2015-01;2015-01-01;;1347;ELITE 5401;KILO;0;0;0;0;4.200;0;0;2;EDIER;
799;2015-01;2015-01-01;;1348;CINTA TESAPRINT 52330 DE 460MMX25MTS;ROLLO;0;1;0;1;643.502;643.502;0;2;EDIER;
800;2015-01;2015-01-01;;1349;TINTA HITACHI NEGRA SERIE JP-K72;KILO;0;1;0;1;364.798;364.798;0;2;EDIER;
801;2015-01;2015-01-01;;1352;POLIETILENO  641;KILO;0;0;0;0;4.350;0;0;2;EDIER;
802;2015-01;2015-01-01;;1355;AZUL PANTONE T-POLYFLEX 660C  084B015 17 ;KILO;0;0;0;0;10.700;0;0;2;EDIER;
803;2015-01;2015-01-01;;1356;"TELA TEFLON F.V. NO ADHESIVA DE 0,005""";METRO;70;0;0;70;53.900;3.773.000;0;2;EDIER;
804;2015-01;2015-01-01;;1357;TUBO FC1-1500-76.2-15;UNIDAD;0;0;0;0;9.295;0;0;2;EDIER;
805;2015-01;2015-01-01;;1358;POLIETILENO LM131NA METALOCENO;KILO;0;0;0;0;4.190;0;0;2;EDIER;
806;2015-01;2015-01-01;;1359;AMARILLO T-DISPERSION  56130-001700 ;KILO;0;0;0;0;12.500;0;0;2;EDIER;
807;2015-01;2015-01-01;;1360;MAGENTA T-DISPERSION 56332-001700 ;KILO;0;0;0;0;12.700;0;0;2;EDIER;
808;2015-01;2015-01-01;;1361;AZUL T-DISPERSION 56443-001700 17 KG;KILO;0;0;0;0;14.300;0;0;2;EDIER;
809;2015-01;2015-01-01;;1362;NEGRO T-DISPERSION 56732-001700 ;KILO;0;0;0;0;11.980;0;0;2;EDIER;
810;2015-01;2015-01-01;;1363;BARNIZ SOBREIMPRESION 55977-001600 ;KILO;0;0;0;0;7.850;0;0;2;EDIER;
811;2015-01;2015-01-01;;1364;POLIETILENO 1518HA;KILO;0;0;0;0;3.889;0;0;2;EDIER;
812;2015-01;2015-01-01;;1365;POLIETILENO 1518KC;KILO;0;0;0;0;3.943;0;0;2;EDIER;
813;2015-01;2015-01-01;;1366;POLIETILENO LDF-219A;KILO;0;0;0;0;3.839;0;0;2;EDIER;
814;2015-01;2015-01-01;;1368;POLIETILENO HB 6007;KILO;0;0;0;0;3.900;0;0;2;EDIER;
815;2015-01;2015-01-01;;1369;POLIETILENO METALOCENO 7131              ;KILO;0;0;0;0;3.800;0;0;2;EDIER;
816;2015-01;2015-01-01;;1370;POLIETILENO XP9200EN;KILO;0;0;0;0;3.800;0;0;2;EDIER;
817;2015-01;2015-01-01;;1371;SERVICIOS DE CONTRATACION TEMPORAL;UNIDAD;0;0;0;0;750.000;0;0;2;EDIER;
818;2015-01;2015-01-01;;1372;FLEJE RASQUETA 25X0.20/.125 STD;UNIDAD;0;0;0;0;798.000;0;0;2;EDIER;
819;2015-01;2015-01-01;;1373;POLIETILENO LDF700;KILO;0;0;0;0;3.675;0;0;2;EDIER;
820;2015-01;2015-01-01;;1374;AYUDA PROCESO 901250-CX       ;KILO;0;300;0;300;8.000;2.400.000;0;2;EDIER;
821;2015-01;2015-01-01;;1375;POLIETILENO LF1020CC;KILO;0;0;0;0;3.800;0;0;2;EDIER;
822;2015-01;2015-01-01;;1376;MARCADOR DE TRATADO ;UNIDAD;0;0;0;0;54.311;0;0;2;EDIER;
823;2015-01;2015-01-01;;1377;CAJA PRENDERIA;CAJA;705;0;45;660;920;607.200;0;2;EDIER;
824;2015-01;2015-01-01;;1378;T-TINTUFLEX AZUL PANTONE 2945C 624B011 17 KG;KILO;0;0;0;0;14.000;0;0;2;EDIER;
825;2015-01;2015-01-01;;1419;METALOCENO;KILO;0;16.000;0;16.000;4.186;66.976.000;0;2;EDIER;
826;2015-01;2015-01-01;;1420;LINEAL BUTENO;KILO;0;0;0;0;3.648;0;0;2;EDIER;
827;2015-01;2015-01-01;;1421;ALTA DENSIDAD ;KILO;0;0;0;0;3.648;0;0;2;EDIER;
828;2015-01;2015-01-01;;1422;PIGMENTO BLANCO;KILO;0;0;0;0;7.100;0;0;2;EDIER;
829;2015-01;2015-01-01;;1423;PIGMENTO NEGRO;KILO;0;300;0;300;4.200;1.260.000;0;2;EDIER;
830;2015-01;2015-01-01;;1424;POLIETILENO 640;KILO;0;0;0;0;4.312;0;0;2;EDIER;
831;2015-01;2015-01-01;;1425;ADITIVO OXOBIODEGRADABLE;KILO;0;0;0;0;17.900;0;0;2;EDIER;
832;2015-01;2015-01-01;;1426;196 CARBONATO POLITRANS;KILO;0;0;0;0;2.000;0;0;2;EDIER;
833;2015-01;2015-01-01;;1427;193 SPL CARBONATO;KILO;0;0;0;0;1.950;0;0;2;EDIER;
834;2015-01;2015-01-01;;1428;ENABLE 35-05 HH;KILO;0;0;0;0;3.147;0;0;2;EDIER;
835;2015-01;2015-01-01;;1429;T-POLYFLEX VIOLETA 08500-001700 17 KG;KILO;0;0;0;0;21.300;0;0;2;EDIER;
836;2015-01;2015-01-01;;1430;T-POLYFLEX MAGENTA PROCESS 08380-001700 17 KG;KILO;0;17;0;17;11.000;187.000;0;2;EDIER;
837;2015-01;2015-01-01;;1431;T-POLYFLEX CYAN PROCESS 08416-001700 17 KG;KILO;0;34;0;34;10.946;372.164;0;2;EDIER;
838;2015-01;2015-01-01;;1432;T-POLYFLEX AMARILLO PROCESS 08116-001700 17 KG;KILO;0;34;0;34;10.850;368.900;0;2;EDIER;
839;2015-01;2015-01-01;;1433;T-POLYFLEX NEGRO 08742-001700 17 KG;KILO;0;68;0;68;10.850;737.800;0;2;EDIER;
840;2015-01;2015-01-01;;1434;T-POLYFLEX BLANCO 08816-002200 22 KG;KILO;0;0;0;0;8.550;0;0;2;EDIER;
841;2015-01;2015-01-01;;1435;T-POLYFLEX NEGRO PANTONE COOL GRAY 11C 087K003 17 KG;KILO;0;0;0;0;11.270;0;0;2;EDIER;
842;2015-01;2015-01-01;;1436;T-POLYFLEX GRIS PANTONE 7547C 087K004 17 KG;KILO;0;68;0;68;13.940;947.920;0;2;EDIER;
843;2015-01;2015-01-01;;1437;T-POLYFLEX ROJO RODAMINA 08309-001700 17 KG;KILO;0;0;0;0;19.950;0;0;2;EDIER;
844;2015-01;2015-01-01;;1438;T-POLYFLEX NARANJA 08297-001600 16 KG;KILO;0;0;0;0;12.300;0;0;2;EDIER;
845;2015-01;2015-01-01;;1439;T-POLYFLEX NEGRO 08742-018000 180 KG;KILO;0;0;0;0;10.053;0;0;2;EDIER;
846;2015-01;2015-01-01;;1440;T-POLYFLEX ROJO PANTONE 185C 08385-001700 17 KG;KILO;0;0;0;0;13.800;0;0;2;EDIER;
847;2015-01;2015-01-01;;1441;T-POLYFLEX AZUL PANTONE 7684C 084B008 17 KG;KILO;0;0;0;0;8.950;0;0;2;EDIER;
848;2015-01;2015-01-01;;1442;T-POLYFLEX ROJO PANTONE 485C 08318-001700 17 KG;KILO;0;0;0;0;10.053;0;0;2;EDIER;
849;2015-01;2015-01-01;;1443;T-LUNARFILM NARANJA 72213-001700 17 KG;KILO;0;0;0;0;9.500;0;0;2;EDIER;
850;2015-01;2015-01-01;;1444;T-LUNARFILM AZUL 72495-001700 17 KG;KILO;0;68;0;68;19.770;1.344.360;0;2;EDIER;
851;2015-01;2015-01-01;;1445;T-LUNARFILM AZUL PANTONE 320C 72467-001700 17 KG;KILO;0;0;0;0;12.050;0;0;2;EDIER;
852;2015-01;2015-01-01;;1446;T-LUNARFILM NARANJA 72202-001700 17 KG;KILO;0;0;0;0;12.270;0;0;2;EDIER;
853;2015-01;2015-01-01;;1447;T-LUNARFILM NEGRO 72771-001700 17 KG;KILO;0;0;0;0;12.650;0;0;2;EDIER;
854;2015-01;2015-01-01;;1448;T-LUNARFILM ROJO 72316-001700 17 KG;KILO;0;0;0;0;13.500;0;0;2;EDIER;
855;2015-01;2015-01-01;;1449;T-LUNARFILM VERDE PANTONE 347C ANTIALCALI 72606-001700 17 KG;KILO;0;0;0;0;10.600;0;0;2;EDIER;
856;2015-01;2015-01-01;;1450;T-LUNARFILM VERDE PANTONE 356C 72611-001700 17 KG;KILO;0;0;0;0;13.300;0;0;2;EDIER;
857;2015-01;2015-01-01;;1451;T-LUNARFILM AZUL REFLEX 72442-001700 17 KG;KILO;0;0;0;0;16.050;0;0;2;EDIER;
858;2015-01;2015-01-01;;1452;T-LUNARFILM CYAN PROCESS 72412-001700 17 KG;KILO;0;0;0;0;14.850;0;0;2;EDIER;
859;2015-01;2015-01-01;;1453;T-LUNARFILM AMARILLO PROCESS 72110-001700 17 KG;KILO;0;0;0;0;9.800;0;0;2;EDIER;
860;2015-01;2015-01-01;;1454;T-LUNARFILM MAGENTA PROCESS 72318-001700 17 KG;KILO;0;0;0;0;11.750;0;0;2;EDIER;
861;2015-01;2015-01-01;;1455;T-LUNARFILM ROJO PANTONE 180C 72323-001700 17 KG;KILO;0;0;0;0;10.850;0;0;2;EDIER;
862;2015-01;2015-01-01;;1456;T-LUNARFILM SEPIA PANTONE 1817C 72014-001700 17 KG;KILO;0;0;0;0;11.350;0;0;2;EDIER;
863;2015-01;2015-01-01;;1457;T-LUNARFILM ROJO PANTONE 185C 72364-001700 17 KG;KILO;0;0;0;0;11.650;0;0;2;EDIER;
864;2015-01;2015-01-01;;1458;T-LUNARFILM ROJO PANTONE 485C 72349-001700 17 KG;KILO;0;17;0;17;11.260;191.420;0;2;EDIER;
865;2015-01;2015-01-01;;1459;T-LUNARFILM CYAN PROCESS 72476-001700 17 KG;KILO;0;0;0;0;13.500;0;0;2;EDIER;
866;2015-01;2015-01-01;;1460;T-LUNARFILM SEPIA 72017-001700 17 KG;KILO;0;0;0;0;12.300;0;0;2;EDIER;
867;2015-01;2015-01-01;;1461;T-LUNARFILM BLANCO 72831-002200 22 KG;KILO;0;0;0;0;7.900;0;0;2;EDIER;
868;2015-01;2015-01-01;;1462;T-LUNARFILM GRIS 727K002 17 KG;KILO;0;0;0;0;12.100;0;0;2;EDIER;
869;2015-01;2015-01-01;;1463;T-LUNARFILM AMARILLO 72123-001700 17 KG;KILO;0;0;0;0;12.050;0;0;2;EDIER;
870;2015-01;2015-01-01;;1464;T-LUNARFILM AZUL 72487-001700 17 KG;KILO;0;0;0;0;15.850;0;0;2;EDIER;
871;2015-01;2015-01-01;;1465;T-LUNARFILM VIOLETA ANTIALCALI 72505-001700 17 KG;KILO;0;0;0;0;18.720;0;0;2;EDIER;
872;2015-01;2015-01-01;;1466;T-LUNARFILM DORADO 721Y009 17 KG;KILO;0;0;0;0;15.950;0;0;2;EDIER;
873;2015-01;2015-01-01;;1467;T-LUNARFILM ROJO PANTONE 485C 72388-001700 17 KG;KILO;0;0;0;0;12.000;0;0;2;EDIER;
874;2015-01;2015-01-01;;1468;T-LUNARFILM AZUL 72495-018000 180 KG;KILO;0;0;0;0;15.125;0;0;2;EDIER;
875;2015-01;2015-01-01;;1469;T-LUNARFILM MAGENTA PROCESS 72318-018000 180 KG;KILO;0;0;0;0;881;0;0;2;EDIER;
876;2015-01;2015-01-01;;1470;T-LUNARFILM NEGRO 72771-018000 180 KG;KILO;0;0;0;0;17.584;0;0;2;EDIER;
877;2015-01;2015-01-01;;1471;T-LUNARFILM BLANCO 72831-020000 200 KG;KILO;0;0;0;0;8.100;0;0;2;EDIER;
878;2015-01;2015-01-01;;1472;T-LUNARFILM ROJO PANTONE 7421C 723R019-001700 17 KG (ATLAS);KILO;0;0;0;0;13.350;0;0;2;EDIER;
879;2015-01;2015-01-01;;1399;CINTA FLEXOGRFICA;ROLLO;0;0;0;0;800.000;0;0;2;EDIER;
880;2015-01;2015-01-01;;1473;PROPYFLEX;KILO;0;320;0;320;3.950;1.264.000;0;2;EDIER;
881;2015-01;2015-01-01;;1474;T-TINTUFLEX NARANJA 62297-001700 17 KG;KILO;0;0;0;0;12.000;0;0;2;EDIER;
882;2015-01;2015-01-01;;1475;T-DELTA 90 ROJO 90317-001700 17 KG;KILO;0;0;0;0;11.650;0;0;2;EDIER;
883;2015-01;2015-01-01;;1476;T-TINTUFLEX AZUL 62453-001700 17 KG;KILO;0;0;0;0;13.150;0;0;2;EDIER;
884;2015-01;2015-01-01;;1477;T-DELTA 90 CYAN PROCESS 90440-001700 17 KG;KILO;0;0;0;0;11.550;0;0;2;EDIER;
885;2015-01;2015-01-01;;1478;T-HIDROFLEX VERDE 606G003 20 KG;KILO;0;0;0;0;7.550;0;0;2;EDIER;
886;2015-01;2015-01-01;;1479;T-EXACT PSO BLACK S9705 04740-000250 2.5 KG;KILO;0;0;0;0;10.500;0;0;2;EDIER;
887;2015-01;2015-01-01;;1480;T-TINTUFLEX NARANJA PANTONE 021C 62221-001700 17 KG;KILO;0;0;0;0;13.650;0;0;2;EDIER;
888;2015-01;2015-01-01;;1481;T-SERIE H5 NEGRO PROCESS H5715-001700 17 KG;KILO;0;0;0;0;11.400;0;0;2;EDIER;
889;2015-01;2015-01-01;;1482;T-TINTUFLEX CYAN PROCESS 08416-018000 180 KG;KILO;0;0;0;0;12.550;0;0;2;EDIER;
890;2015-01;2015-01-01;;1483;T-TINTUFLEX NARANJA PANTONE 021C 62221-018000 180 KG;KILO;0;0;0;0;12.550;0;0;2;EDIER;
891;2015-01;2015-01-01;;1484;T-TINTUFLEX ORO PANTONE 872C 621Y001 17 KG;KILO;0;0;0;0;15.574;0;0;2;EDIER;
892;2015-01;2015-01-01;;1485;T-DISPERSION NEGRO 56774-001700 17 KG;KILO;0;0;0;0;11.000;0;0;2;EDIER;
893;2015-01;2015-01-01;;1486;B-BARNIZ VEHICULO REDUCTOR 72997-001700 17 KG;KILO;0;0;0;0;9.800;0;0;2;EDIER;
894;2015-01;2015-01-01;;1487;A-ADITIVO SOLVENTE LENTO 53901-001600 16 KG;KILO;0;0;0;0;7.100;0;0;2;EDIER;
895;2015-01;2015-01-01;;1488;B-BARNIZ VEHICULO 62952-001600 16 KG;KILO;0;0;0;0;10.580;0;0;2;EDIER;
896;2015-01;2015-01-01;;1489;A-REDUCTOR PROPILSUN RET KA911846 KG;KILO;0;0;0;0;3.000;0;0;2;EDIER;
897;2015-01;2015-01-01;;1490;B-DELTA 90 VEHICULO REDUCTOR 90990-001600 16 KG;KILO;0;0;0;0;8.500;0;0;2;EDIER;
898;2015-01;2015-01-01;;1491;A-PROPYFLEX RET KG;KILO;0;0;0;0;3.000;0;0;2;EDIER;
899;2015-01;2015-01-01;;1492;ACETATO NPA ;KILO;0;0;0;0;3.881;0;0;2;EDIER;
900;2015-01;2015-01-01;;1493;SK-2001-06;KILO;0;0;0;0;181.905;0;0;2;EDIER;
901;2015-01;2015-01-01;;1494;SK-2001-06 ROJA;KILO;0;0;0;0;181.905;0;0;2;EDIER;
902;2015-01;2015-01-01;;1495;GDC ROJA;KILO;0;0;0;0;145.054;0;0;2;EDIER;
903;2015-01;2015-01-01;;1496;BR-12740R (RESELLABLE CARA);KILO;0;0;0;0;98.341;0;0;2;EDIER;
904;2015-01;2015-01-01;;1497;BRC1-12100R (RESELLABLE BARATA);KILO;17;0;0;17;55.199;938.386;0;2;EDIER;
905;2015-01;2015-01-01;;1498;BP-12400M;KILO;0;0;0;0;179.300;0;0;2;EDIER;
906;2015-01;2015-01-01;;1392;OPP LINER (CURRIER) 19 mm;METRO;320.000;2.000.000;660.000;1.660.000;16;26.659.600;0;2;EDIER;
907;2015-01;2015-01-01;;1393;OPP LINER (MONEDAS) 40 mm;METRO;330.500;0;0;330.500;34;11.174.205;0;2;EDIER;
908;2015-01;2015-01-01;;1400;CINTA IMPRESIN NUMERO GRANDE;ROLLO;0;0;0;0;36.919;0;0;2;EDIER;
909;2015-01;2015-01-01;;1401;CARTUCHO DE IMPRESIN NUM PEQUEO;UNIDAD;0;0;0;0;199.500;0;0;2;EDIER;
910;2015-01;2015-01-01;;1402;MEZCLADOR EN BOTELLA;UNIDAD;0;0;0;0;52.100;0;0;2;EDIER;
911;2015-01;2015-01-01;;1403;LIMPIADOR EN BOTELLA;KILO;0;0;0;0;30.400;0;0;2;EDIER;
912;2015-01;2015-01-01;;1404;LAMINADO PACKING LIST 52 CM;KILO;500;0;0;500;1.053;526.500;0;2;EDIER;
913;2015-01;2015-01-01;;1405;LAMINADO PACKING LIST 18 CM;KILO;0;0;0;0;1.000;0;0;2;EDIER;
914;2015-01;2015-01-01;;1406;LAMINA BOLSILLO PORTAGUIA 8 CM;KILO;0;0;0;0;0;0;0;2;EDIER;
915;2015-01;2015-01-01;;1407;LAMINA BOLSILLO PORTAGUIA 13 CM;KILO;3.817;0;994;2.823;3.694;10.427.423;0;2;EDIER;
916;2015-01;2015-01-01;;1408;TEFLN ADHESIVO;ROLLO;0;0;0;0;82.500;0;0;2;EDIER;
917;2015-01;2015-01-01;;1409;TEFLN NO ADHESIVO;ROLLO;0;0;0;0;53.900;0;0;2;EDIER;
918;2015-01;2015-01-01;;1410;TEFLN 3/4;ROLLO;0;0;0;0;46.000;0;0;2;EDIER;
919;2015-01;2015-01-01;;1392;BOLSA DE EMPAQUE 14 X 16;BOLSA;0;0;0;0;12;0;0;2;EDIER;
920;2015-01;2015-01-01;;1393;BOLSA DE EMPAQUE 12 X 12;BOLSA;0;0;0;0;12;0;0;2;EDIER;
921;2015-01;2015-01-01;;1394;CAJA REGULAR ESTANDAR N 3;CAJA;0;1.959;189;1.770;2.362;4.180.740;0;2;EDIER;
922;2015-01;2015-01-01;;1395;CAJA REGULAR AVIANCA CARTA;CAJA;0;0;0;0;1.121;0;0;2;EDIER;
923;2015-01;2015-01-01;;1396;CAJA REGULAR AVIANCA OFICIO;CAJA;0;0;0;0;1.465;0;0;2;EDIER;
924;2015-01;2015-01-01;;1411;"CINTA DE EMPAQUE IMPRESA DE 2"" X 100 MT";ROLLO;0;0;0;0;3.600;0;0;2;EDIER;
925;2015-01;2015-01-01;;1412;PELCULA STRECH ;ROLLO;0;0;0;0;17.040;0;0;2;EDIER;
926;2015-01;2015-01-01;;1397;ZUNCHO DE  COLOR BLANCO ROLLO *  2.000 METROS;UNIDAD;0;0;0;0;59.000;0;0;2;EDIER;
927;2015-01;2015-01-01;;1413;CINTA TRANSPARENTE 19MMX400MT;ROLLO;0;0;0;0;3.800;0;0;2;EDIER;
928;2015-01;2015-01-01;;1414;CINTA DE TRANSFERENCIA TRMICA X 900 MT;ROLLO;0;0;0;0;36.053;0;0;2;EDIER;
929;2015-01;2015-01-01;;1415;CYREL;CM2;0;4;0;4;82;328;0;2;EDIER;
930;2015-01;2015-01-01;;1504;T-POLYFLEX GRIS 087K005 17KG (AVIANCA);KILO;0;0;0;0;13.350;0;0;2;EDIER;
931;2015-01;2015-01-01;;1505;T-POLYFLEX AZUL PANTONE 660CA 084B015 17 KG;KILO;0;0;0;0;12.450;0;0;2;EDIER;
932;2015-01;2015-01-01;;1506;T-POLYFLEX VERDE PANTONE 626C 084G006 17 KG (ECOPETROL);KILO;0;0;0;0;12.450;0;0;2;EDIER;
933;2015-01;2015-01-01;;1507;T-TINTUFLEX AMARILLO PANTONE 116C 62114-001700 17KG;KILO;0;0;0;0;12.450;0;0;2;EDIER;
934;2015-01;2015-01-01;;1508;B-BARNIZ MATE 53992-001700 17KG;KILO;0;0;0;0;12.450;0;0;2;EDIER;
935;2015-01;2015-01-01;;1509;VERDE TINTAFLEX 011-0011881 20KG;KILO;0;0;0;0;12.450;0;0;2;EDIER;
936;2015-01;2015-01-01;;1510;VERDE NITROFLEX 25-688(P-3288) 18KG;KILO;0;0;0;0;12.450;0;0;2;EDIER;
